#Partida,Ec1_Capítulo,Ec1_Denominación,Ec1_Completa,Ec2_Artículo,Ec2_Denominación,Ec2_Completa,Ec3_Concepto,Ec3_Denominación,Ec3_Completa,Ec4_Subconcepto,Ec4_Denominación,Ec4_Completa,Importe
10000,1,IMPUESTOS DIRECTOS,1 IMPUESTOS DIRECTOS,10,SOBRE LA RENTA,10 SOBRE LA RENTA,100,COMPENSACIÓN I.A.E.,100 COMPENSACION I.A.E.,10000,COMPENSACIÓN I.A.E.,10000 COMPENSACION I.A.E.,750000
10100,1,IMPUESTOS DIRECTOS,1 IMPUESTOS DIRECTOS,10,SOBRE LA RENTA,10 SOBRE LA RENTA,101,RECARGO ACTIVIDADES ECONÓMICAS,101 RECARGO ACTIVIDADES ECONOMICAS,10100,RECARGO ACTIVIDADES ECONÓMICAS,10100 RECARGO ACTIVIDADES ECONOMICAS,1300000
10200,1,IMPUESTOS DIRECTOS,1 IMPUESTOS DIRECTOS,10,SOBRE LA RENTA,10 SOBRE LA RENTA,102,TRAMO AUTONÓMICO DEL I.R.P.F.,102 TRAMO AUTONOMICO DEL I.R.P.F.,10200,TRAMO AUTONÓMICO DEL I.R.P.F.,10200 TRAMO AUTONOMICO DEL I.R.P.F.,344322310
11001,1,IMPUESTOS DIRECTOS,1 IMPUESTOS DIRECTOS,11,SOBRE EL CAPITAL,11 SOBRE EL CAPITAL,110,IMP. SUCESIONES Y DONACIONES,110 IMP. SUCESIONES Y DONACIONES,11001,IMPUESTO SOBRE SUCESIONES,11001 IMPUESTO SOBRE SUCESIONES,25500000
11002,1,IMPUESTOS DIRECTOS,1 IMPUESTOS DIRECTOS,11,SOBRE EL CAPITAL,11 SOBRE EL CAPITAL,110,IMP. SUCESIONES Y DONACIONES,110 IMP. SUCESIONES Y DONACIONES,11002,IMPUESTO SOBRE DONACIONES,11002 IMPUESTO SOBRE DONACIONES,1500000
11100,1,IMPUESTOS DIRECTOS,1 IMPUESTOS DIRECTOS,11,SOBRE EL CAPITAL,11 SOBRE EL CAPITAL,111,IMPUESTO SOBRE PATRIMONIO,111 IMPUESTO SOBRE PATRIMONIO,11100,IMPUESTO SOBRE PATRIMONIO,11100 IMPUESTO SOBRE PATRIMONIO,15500000
11300,1,IMPUESTOS DIRECTOS,1 IMPUESTOS DIRECTOS,11,SOBRE EL CAPITAL,11 SOBRE EL CAPITAL,113,IMP.DEPÓSITOS ENT. CRÉDITO,113 IMP.DEPOSITOS ENT. CREDITO,11300,IMP.DEPÓSITOS ENT. CRÉDITO,11300 IMP.DEPOSITOS ENT. CREDITO,3000000
20001,2,IMPUESTOS INDIRECTOS,2 IMPUESTOS INDIRECTOS,20,TRANSM. PATRIMONIALES Y AJD,20 TRANSM. PATRIMONIALES Y AJD,200,TRANSM. PATRIMONIALES Y AJD,200 TRANSM. PATRIMONIALES Y AJD,20001,TRANSMISIONES PATRIMONIALES,20001 TRANSMISIONES PATRIMONIALES,33600000
20002,2,IMPUESTOS INDIRECTOS,2 IMPUESTOS INDIRECTOS,20,TRANSM. PATRIMONIALES Y AJD,20 TRANSM. PATRIMONIALES Y AJD,200,TRANSM. PATRIMONIALES Y AJD,200 TRANSM. PATRIMONIALES Y AJD,20002,ACTOS JURÍDICOS DOCUMENTADOS,20002 ACTOS JURIDICOS DOCUMENTADOS,9900000
21000,2,IMPUESTOS INDIRECTOS,2 IMPUESTOS INDIRECTOS,21,TRIBUTOS SOBRE EL JUEGO,21 TRIBUTOS SOBRE EL JUEGO,210,TRIBUTOS SOBRE EL JUEGO,210 TRIBUTOS SOBRE EL JUEGO,21000,TRIBUTOS SOBRE EL JUEGO,21000 TRIBUTOS SOBRE EL JUEGO,6000000
22000,2,IMPUESTOS INDIRECTOS,2 IMPUESTOS INDIRECTOS,22,CÁNONES,22 CANONES,220,CANON SANEAMIENTO Y DEPURACIÓN,220 CANON SANEAMIENTO Y DEPURACION,22000,CANON SANEAMIENTO Y DEPURACIÓN,22000 CANON SANEAMIENTO Y DEPURACION,13000000
23001,2,IMPUESTOS INDIRECTOS,2 IMPUESTOS INDIRECTOS,23,SOBRE EL VALOR AÑADIDO,23 SOBRE EL VALOR AÑADIDO,230,IMPUESTO SOBRE EL VALOR AÑADID,230 IMPUESTO SOBRE EL VALOR AÑADID,23001,SOBRE OPERACIONES INTERIORES,23001 SOBRE OPERACIONES INTERIORES,216338040
24000,2,IMPUESTOS INDIRECTOS,2 IMPUESTOS INDIRECTOS,24,SOBRE CONSUMOS ESPECÍFICOS,24 SOBRE CONSUMOS ESPECIFICOS,240,IMPUESTOS ESPECIALES,240 IMPUESTOS ESPECIALES,24000,SOBRE ALCOHOL Y BEBIDAS DERIVA,24000 SOBRE ALCOHOL Y BEBIDAS DERIVA,2855720
24001,2,IMPUESTOS INDIRECTOS,2 IMPUESTOS INDIRECTOS,24,SOBRE CONSUMOS ESPECÍFICOS,24 SOBRE CONSUMOS ESPECIFICOS,240,IMPUESTOS ESPECIALES,240 IMPUESTOS ESPECIALES,24001,SOBRE PRODUCTOS INTERMEDIOS,24001 SOBRE PRODUCTOS INTERMEDIOS,84170
24002,2,IMPUESTOS INDIRECTOS,2 IMPUESTOS INDIRECTOS,24,SOBRE CONSUMOS ESPECÍFICOS,24 SOBRE CONSUMOS ESPECIFICOS,240,IMPUESTOS ESPECIALES,240 IMPUESTOS ESPECIALES,24002,SOBRE LA CERVEZA,24002 SOBRE LA CERVEZA,1312030
24003,2,IMPUESTOS INDIRECTOS,2 IMPUESTOS INDIRECTOS,24,SOBRE CONSUMOS ESPECÍFICOS,24 SOBRE CONSUMOS ESPECIFICOS,240,IMPUESTOS ESPECIALES,240 IMPUESTOS ESPECIALES,24003,SOBRE LAS LABORES DEL TABACO,24003 SOBRE LAS LABORES DEL TABACO,30088730
24004,2,IMPUESTOS INDIRECTOS,2 IMPUESTOS INDIRECTOS,24,SOBRE CONSUMOS ESPECÍFICOS,24 SOBRE CONSUMOS ESPECIFICOS,240,IMPUESTOS ESPECIALES,240 IMPUESTOS ESPECIALES,24004,SOBRE HIDROCARBUROS,24004 SOBRE HIDROCARBUROS,32909980
24005,2,IMPUESTOS INDIRECTOS,2 IMPUESTOS INDIRECTOS,24,SOBRE CONSUMOS ESPECÍFICOS,24 SOBRE CONSUMOS ESPECIFICOS,240,IMPUESTOS ESPECIALES,240 IMPUESTOS ESPECIALES,24005,SOBRE LA ELECTRICIDAD,24005 SOBRE LA ELECTRICIDAD,9776710
28000,2,IMPUESTOS INDIRECTOS,2 IMPUESTOS INDIRECTOS,28,OTROS IMPUESTOS INDIRECTOS,28 OTROS IMPUESTOS INDIRECTOS,280,DETERMINADOS MEDIOS TRANSPORTE,280 DETERMINADOS MEDIOS TRANSPORTE,28000,DETERMINADOS MEDIOS TRANSPORTE,28000 DETERMINADOS MEDIOS TRANSPORTE,3000000
28201,2,IMPUESTOS INDIRECTOS,2 IMPUESTOS INDIRECTOS,28,OTROS IMPUESTOS INDIRECTOS,28 OTROS IMPUESTOS INDIRECTOS,282,IMPUESTOS MEDIOAMBIENTALES,282 IMPUESTOS MEDIOAMBIENTALES,28201,ELIMINACIÓN RESIDUOS VERTEDERO,28201 ELIMINACION RESIDUOS VERTEDERO,400000
28202,2,IMPUESTOS INDIRECTOS,2 IMPUESTOS INDIRECTOS,28,OTROS IMPUESTOS INDIRECTOS,28 OTROS IMPUESTOS INDIRECTOS,282,IMPUESTOS MEDIOAMBIENTALES,282 IMPUESTOS MEDIOAMBIENTALES,28202,IMPACTO VISUAL ELEMENT. ENERG,28202 IMPACTO VISUAL ELEMENT. ENERG,2500000
30002,3,TASAS Y OTROS INGRESOS,3 TASAS Y OTROS INGRESOS,30,VENTA DE BIENES,30 VENTA DE BIENES,300,VENTA DE PUBLICACIONES PROPIAS,300 VENTA DE PUBLICACIONES PROPIAS,30002,VENTA PUBLICACIONES DEL I.E.R,30002 VENTA PUBLICACIONES DEL I.E.R,20000
30099,3,TASAS Y OTROS INGRESOS,3 TASAS Y OTROS INGRESOS,30,VENTA DE BIENES,30 VENTA DE BIENES,300,VENTA DE PUBLICACIONES PROPIAS,300 VENTA DE PUBLICACIONES PROPIAS,30099,VENTA DE OTRAS PUBLICACIONES,30099 VENTA DE OTRAS PUBLICACIONES,1700
30400,3,TASAS Y OTROS INGRESOS,3 TASAS Y OTROS INGRESOS,30,VENTA DE BIENES,30 VENTA DE BIENES,304,VENTA PRODUCTOS AGROPECUARIOS,304 VENTA PRODUCTOS AGROPECUARIOS,30400,VENTA PLANTAS Y SEMILLAS VIVER,30400 VENTA PLANTAS Y SEMILLAS VIVER,135000
30401,3,TASAS Y OTROS INGRESOS,3 TASAS Y OTROS INGRESOS,30,VENTA DE BIENES,30 VENTA DE BIENES,304,VENTA PRODUCTOS AGROPECUARIOS,304 VENTA PRODUCTOS AGROPECUARIOS,30401,EXPLOTACIONES AGRARIAS,30401 EXPLOTACIONES AGRARIAS,60000
30908,3,TASAS Y OTROS INGRESOS,3 TASAS Y OTROS INGRESOS,30,VENTA DE BIENES,30 VENTA DE BIENES,309,VENTA DE OTROS BIENES,309 VENTA DE OTROS BIENES,30908,VENTA DE OBJETOS PUBLICITARIOS,30908 VENTA DE OBJETOS PUBLICITARIOS,1000
30909,3,TASAS Y OTROS INGRESOS,3 TASAS Y OTROS INGRESOS,30,VENTA DE BIENES,30 VENTA DE BIENES,309,VENTA DE OTROS BIENES,309 VENTA DE OTROS BIENES,30909,VENTA DE CHATARRA,30909 VENTA DE CHATARRA,6500
31200,3,TASAS Y OTROS INGRESOS,3 TASAS Y OTROS INGRESOS,31,PRESTACIÓN DE SERVICIOS,31 PRESTACION DE SERVICIOS,312,ACT. PROTECC. Y PROMOC. SOCIAL,312 ACT. PROTECC. Y PROMOC. SOCIAL,31200,RESID. PERS. MAYORES CALAHORRA,31200 RESID. PERS. MAYORES CALAHORRA,945000
31201,3,TASAS Y OTROS INGRESOS,3 TASAS Y OTROS INGRESOS,31,PRESTACIÓN DE SERVICIOS,31 PRESTACION DE SERVICIOS,312,ACT. PROTECC. Y PROMOC. SOCIAL,312 ACT. PROTECC. Y PROMOC. SOCIAL,31201,RESID. PERS. MAYORES LARDERO,31201 RESID. PERS. MAYORES LARDERO,740000
31202,3,TASAS Y OTROS INGRESOS,3 TASAS Y OTROS INGRESOS,31,PRESTACIÓN DE SERVICIOS,31 PRESTACION DE SERVICIOS,312,ACT. PROTECC. Y PROMOC. SOCIAL,312 ACT. PROTECC. Y PROMOC. SOCIAL,31202,HOGARES DE TERCERA EDAD,31202 HOGARES DE TERCERA EDAD,200000
31203,3,TASAS Y OTROS INGRESOS,3 TASAS Y OTROS INGRESOS,31,PRESTACIÓN DE SERVICIOS,31 PRESTACION DE SERVICIOS,312,ACT. PROTECC. Y PROMOC. SOCIAL,312 ACT. PROTECC. Y PROMOC. SOCIAL,31203,RESIDENCIA STA. LUCÍA FUENMAYO,31203 RESIDENCIA STA. LUCIA FUENMAYO,780000
31204,3,TASAS Y OTROS INGRESOS,3 TASAS Y OTROS INGRESOS,31,PRESTACIÓN DE SERVICIOS,31 PRESTACION DE SERVICIOS,312,ACT. PROTECC. Y PROMOC. SOCIAL,312 ACT. PROTECC. Y PROMOC. SOCIAL,31204,"CENT.CONCERT. ANCIAN, DISCAP.","31204 CENT.CONCERT. ANCIAN, DISCAP.",2100000
31205,3,TASAS Y OTROS INGRESOS,3 TASAS Y OTROS INGRESOS,31,PRESTACIÓN DE SERVICIOS,31 PRESTACION DE SERVICIOS,312,ACT. PROTECC. Y PROMOC. SOCIAL,312 ACT. PROTECC. Y PROMOC. SOCIAL,31205,CENTROS DÍA SERV. PERS. MAYOR,31205 CENTROS DIA SERV. PERS. MAYOR,1525200
31207,3,TASAS Y OTROS INGRESOS,3 TASAS Y OTROS INGRESOS,31,PRESTACIÓN DE SERVICIOS,31 PRESTACION DE SERVICIOS,312,ACT. PROTECC. Y PROMOC. SOCIAL,312 ACT. PROTECC. Y PROMOC. SOCIAL,31207,PLAZAS CONCERT. PERS. DISCAPAC,31207 PLAZAS CONCERT. PERS. DISCAPAC,1300000
31208,3,TASAS Y OTROS INGRESOS,3 TASAS Y OTROS INGRESOS,31,PRESTACIÓN DE SERVICIOS,31 PRESTACION DE SERVICIOS,312,ACT. PROTECC. Y PROMOC. SOCIAL,312 ACT. PROTECC. Y PROMOC. SOCIAL,31208,CAMPAMENTOS E INTERCAMBIOS,31208 CAMPAMENTOS E INTERCAMBIOS,36000
31209,3,TASAS Y OTROS INGRESOS,3 TASAS Y OTROS INGRESOS,31,PRESTACIÓN DE SERVICIOS,31 PRESTACION DE SERVICIOS,312,ACT. PROTECC. Y PROMOC. SOCIAL,312 ACT. PROTECC. Y PROMOC. SOCIAL,31209,CENTROS INFORMACIÓN JUVENILES,31209 CENTROS INFORMACION JUVENILES,3000
31300,3,TASAS Y OTROS INGRESOS,3 TASAS Y OTROS INGRESOS,31,PRESTACIÓN DE SERVICIOS,31 PRESTACION DE SERVICIOS,313,PRODUC. BIENES PUB. CAR. PREF.,313 PRODUC. BIENES PUB. CAR. PREF.,31300,CENTRO ASISTENCIAL ALBELDA IRE,31300 CENTRO ASISTENCIAL ALBELDA IRE,600000
31301,3,TASAS Y OTROS INGRESOS,3 TASAS Y OTROS INGRESOS,31,PRESTACIÓN DE SERVICIOS,31 PRESTACION DE SERVICIOS,313,PRODUC. BIENES PUB. CAR. PREF.,313 PRODUC. BIENES PUB. CAR. PREF.,31301,ESCUELAS INFANTILES PRIMER CIC,31301 ESCUELAS INFANTILES PRIMER CIC,100000
31302,3,TASAS Y OTROS INGRESOS,3 TASAS Y OTROS INGRESOS,31,PRESTACIÓN DE SERVICIOS,31 PRESTACION DE SERVICIOS,313,PRODUC. BIENES PUB. CAR. PREF.,313 PRODUC. BIENES PUB. CAR. PREF.,31302,SERV.DOC. ESCUELA SUP. DISEÑO,31302 SERV.DOC. ESCUELA SUP. DISEÑO,500000
31304,3,TASAS Y OTROS INGRESOS,3 TASAS Y OTROS INGRESOS,31,PRESTACIÓN DE SERVICIOS,31 PRESTACION DE SERVICIOS,313,PRODUC. BIENES PUB. CAR. PREF.,313 PRODUC. BIENES PUB. CAR. PREF.,31304,VENTA ENTRADAS FILM. RAFAEL AZ,31304 VENTA ENTRADAS FILM. RAFAEL AZ,18000
31306,3,TASAS Y OTROS INGRESOS,3 TASAS Y OTROS INGRESOS,31,PRESTACIÓN DE SERVICIOS,31 PRESTACION DE SERVICIOS,313,PRODUC. BIENES PUB. CAR. PREF.,313 PRODUC. BIENES PUB. CAR. PREF.,31306,ACT. DIDÁCT. MUSEOS LA RIOJA,31306 ACT. DIDACT. MUSEOS LA RIOJA,500
31307,3,TASAS Y OTROS INGRESOS,3 TASAS Y OTROS INGRESOS,31,PRESTACIÓN DE SERVICIOS,31 PRESTACION DE SERVICIOS,313,PRODUC. BIENES PUB. CAR. PREF.,313 PRODUC. BIENES PUB. CAR. PREF.,31307,INSTALACIONES DEPORTIVAS,31307 INSTALACIONES DEPORTIVAS,42000
31308,3,TASAS Y OTROS INGRESOS,3 TASAS Y OTROS INGRESOS,31,PRESTACIÓN DE SERVICIOS,31 PRESTACION DE SERVICIOS,313,PRODUC. BIENES PUB. CAR. PREF.,313 PRODUC. BIENES PUB. CAR. PREF.,31308,JUEGOS DEPORTIVOS DE LA RIOJA,31308 JUEGOS DEPORTIVOS DE LA RIOJA,152000
31400,3,TASAS Y OTROS INGRESOS,3 TASAS Y OTROS INGRESOS,31,PRESTACIÓN DE SERVICIOS,31 PRESTACION DE SERVICIOS,314,ACTUACIONES CARÁCTER ECONÓMICO,314 ACTUACIONES CARACTER ECONOMICO,31400,SERV. ANALÍT. LABORAT.REGIONAL,31400 SERV. ANALIT. LABORAT.REGIONAL,140000
31402,3,TASAS Y OTROS INGRESOS,3 TASAS Y OTROS INGRESOS,31,PRESTACIÓN DE SERVICIOS,31 PRESTACION DE SERVICIOS,314,ACTUACIONES CARÁCTER ECONÓMICO,314 ACTUACIONES CARACTER ECONOMICO,31402,SERV. ANALÍT. EST. ENOL. HARO,31402 SERV. ANALIT. EST. ENOL. HARO,700000
31406,3,TASAS Y OTROS INGRESOS,3 TASAS Y OTROS INGRESOS,31,PRESTACIÓN DE SERVICIOS,31 PRESTACION DE SERVICIOS,314,ACTUACIONES CARÁCTER ECONÓMICO,314 ACTUACIONES CARACTER ECONOMICO,31406,VENTA CARNET TRANSP. ESTUDIANT,31406 VENTA CARNET TRANSP. ESTUDIANT,2500
31900,3,TASAS Y OTROS INGRESOS,3 TASAS Y OTROS INGRESOS,31,PRESTACIÓN DE SERVICIOS,31 PRESTACION DE SERVICIOS,319,ACTUACIONES CARÁCTER GENERAL,319 ACTUACIONES CARACTER GENERAL,31900,DERECH.MATR. CURSOS Y SEMINARI,31900 DERECH.MATR. CURSOS Y SEMINARI,200000
31901,3,TASAS Y OTROS INGRESOS,3 TASAS Y OTROS INGRESOS,31,PRESTACIÓN DE SERVICIOS,31 PRESTACION DE SERVICIOS,319,ACTUACIONES CARÁCTER GENERAL,319 ACTUACIONES CARACTER GENERAL,31901,RECINTO FERIAL ALBELDA IREGUA,31901 RECINTO FERIAL ALBELDA IREGUA,6700
31906,3,TASAS Y OTROS INGRESOS,3 TASAS Y OTROS INGRESOS,31,PRESTACIÓN DE SERVICIOS,31 PRESTACION DE SERVICIOS,319,ACTUACIONES CARÁCTER GENERAL,319 ACTUACIONES CARACTER GENERAL,31906,SERV. PERICIAL INST. MED. LEGA,31906 SERV. PERICIAL INST. MED. LEGA,5000
32101,3,TASAS Y OTROS INGRESOS,3 TASAS Y OTROS INGRESOS,32,TASAS DE LA COMUNIDAD AUTÓNOMA,32 TASAS DE LA COMUNIDAD AUTONOMA,321,SERVICIOS PÚBLICOS BÁSICOS,321 SERVICIOS PUBLICOS BASICOS,32101,TASA 1.02 CERT. PAREJAS HECHO,32101 TASA 1.02 CERT. PAREJAS HECHO,4000
32102,3,TASAS Y OTROS INGRESOS,3 TASAS Y OTROS INGRESOS,32,TASAS DE LA COMUNIDAD AUTÓNOMA,32 TASAS DE LA COMUNIDAD AUTONOMA,321,SERVICIOS PÚBLICOS BÁSICOS,321 SERVICIOS PUBLICOS BASICOS,32102,TASA 1.03 SERV. ADM. COM. AUD.,32102 TASA 1.03 SERV. ADM. COM. AUD.,3500
32103,3,TASAS Y OTROS INGRESOS,3 TASAS Y OTROS INGRESOS,32,TASAS DE LA COMUNIDAD AUTÓNOMA,32 TASAS DE LA COMUNIDAD AUTONOMA,321,SERVICIOS PÚBLICOS BÁSICOS,321 SERVICIOS PUBLICOS BASICOS,32103,TASA 1.04 UTIL. CENTROS TELEC.,32103 TASA 1.04 UTIL. CENTROS TELEC.,152300
32300,3,TASAS Y OTROS INGRESOS,3 TASAS Y OTROS INGRESOS,32,TASAS DE LA COMUNIDAD AUTÓNOMA,32 TASAS DE LA COMUNIDAD AUTONOMA,323,PROD. BIENES PUBL. CARAC. PREF,323 PROD. BIENES PUBL. CARAC. PREF,32300,TASA 3.01 PR.TIT. BACH. MAY.20,32300 TASA 3.01 PR.TIT. BACH. MAY.20,400
32301,3,TASAS Y OTROS INGRESOS,3 TASAS Y OTROS INGRESOS,32,TASAS DE LA COMUNIDAD AUTÓNOMA,32 TASAS DE LA COMUNIDAD AUTONOMA,323,PROD. BIENES PUBL. CARAC. PREF,323 PROD. BIENES PUBL. CARAC. PREF,32301,TASA 3.02 PR. GRADO MED.Y SUP.,32301 TASA 3.02 PR. GRADO MED.Y SUP.,2000
32302,3,TASAS Y OTROS INGRESOS,3 TASAS Y OTROS INGRESOS,32,TASAS DE LA COMUNIDAD AUTÓNOMA,32 TASAS DE LA COMUNIDAD AUTONOMA,323,PROD. BIENES PUBL. CARAC. PREF,323 PROD. BIENES PUBL. CARAC. PREF,32302,TASA 3.03 CERT.PROF.NIV. 2 Y 3,32302 TASA 3.03 CERT.PROF.NIV. 2 Y 3,1000
32400,3,TASAS Y OTROS INGRESOS,3 TASAS Y OTROS INGRESOS,32,TASAS DE LA COMUNIDAD AUTÓNOMA,32 TASAS DE LA COMUNIDAD AUTONOMA,324,ACTUACIONES CARÁCTER ECONÓMICO,324 ACTUACIONES CARACTER ECONOMICO,32400,TASA 4.01 CERT. Y CONT. ACEITE,32400 TASA 4.01 CERT. Y CONT. ACEITE,7000
32401,3,TASAS Y OTROS INGRESOS,3 TASAS Y OTROS INGRESOS,32,TASAS DE LA COMUNIDAD AUTÓNOMA,32 TASAS DE LA COMUNIDAD AUTONOMA,324,ACTUACIONES CARÁCTER ECONÓMICO,324 ACTUACIONES CARACTER ECONOMICO,32401,TASA 4.02 CER.Y CON. PROD.AGR,32401 TASA 4.02 CER.Y CON. PROD.AGR,15000
32402,3,TASAS Y OTROS INGRESOS,3 TASAS Y OTROS INGRESOS,32,TASAS DE LA COMUNIDAD AUTÓNOMA,32 TASAS DE LA COMUNIDAD AUTONOMA,324,ACTUACIONES CARÁCTER ECONÓMICO,324 ACTUACIONES CARACTER ECONOMICO,32402,TASA 4.03 CER.Y CON. PERAS RIN,32402 TASA 4.03 CER.Y CON. PERAS RIN,14000
32403,3,TASAS Y OTROS INGRESOS,3 TASAS Y OTROS INGRESOS,32,TASAS DE LA COMUNIDAD AUTÓNOMA,32 TASAS DE LA COMUNIDAD AUTONOMA,324,ACTUACIONES CARÁCTER ECONÓMICO,324 ACTUACIONES CARACTER ECONOMICO,32403,TASA 4.04 CER.Y CON. CHORIZO,32403 TASA 4.04 CER.Y CON. CHORIZO,2500
32404,3,TASAS Y OTROS INGRESOS,3 TASAS Y OTROS INGRESOS,32,TASAS DE LA COMUNIDAD AUTÓNOMA,32 TASAS DE LA COMUNIDAD AUTONOMA,324,ACTUACIONES CARÁCTER ECONÓMICO,324 ACTUACIONES CARACTER ECONOMICO,32404,TASA 4.05 CER.Y CON. PIMIENTO,32404 TASA 4.05 CER.Y CON. PIMIENTO,2000
32405,3,TASAS Y OTROS INGRESOS,3 TASAS Y OTROS INGRESOS,32,TASAS DE LA COMUNIDAD AUTÓNOMA,32 TASAS DE LA COMUNIDAD AUTONOMA,324,ACTUACIONES CARÁCTER ECONÓMICO,324 ACTUACIONES CARACTER ECONOMICO,32405,TASA 4.06 CER.Y CON. QUESO CAM,32405 TASA 4.06 CER.Y CON. QUESO CAM,1400
32406,3,TASAS Y OTROS INGRESOS,3 TASAS Y OTROS INGRESOS,32,TASAS DE LA COMUNIDAD AUTÓNOMA,32 TASAS DE LA COMUNIDAD AUTONOMA,324,ACTUACIONES CARÁCTER ECONÓMICO,324 ACTUACIONES CARACTER ECONOMICO,32406,TASA 4.07 CER.Y CON. COLIFLOR,32406 TASA 4.07 CER.Y CON. COLIFLOR,800
32407,3,TASAS Y OTROS INGRESOS,3 TASAS Y OTROS INGRESOS,32,TASAS DE LA COMUNIDAD AUTÓNOMA,32 TASAS DE LA COMUNIDAD AUTONOMA,324,ACTUACIONES CARÁCTER ECONÓMICO,324 ACTUACIONES CARACTER ECONOMICO,32407,TASA 4.08 CER.Y CON. V.SADACIA,32407 TASA 4.08 CER.Y CON. V.SADACIA,3350
32408,3,TASAS Y OTROS INGRESOS,3 TASAS Y OTROS INGRESOS,32,TASAS DE LA COMUNIDAD AUTÓNOMA,32 TASAS DE LA COMUNIDAD AUTONOMA,324,ACTUACIONES CARÁCTER ECONÓMICO,324 ACTUACIONES CARACTER ECONOMICO,32408,TASA 4.09 EFIC. ENERGÉT. EDIF,32408 TASA 4.09 EFIC. ENERGET. EDIF,70000
32900,3,TASAS Y OTROS INGRESOS,3 TASAS Y OTROS INGRESOS,32,TASAS DE LA COMUNIDAD AUTÓNOMA,32 TASAS DE LA COMUNIDAD AUTONOMA,329,ACTUACIONES CARÁCTER GENERAL,329 ACTUACIONES CARACTER GENERAL,32900,TASA 9.01 SERV. CARÁCT. GRAL.,32900 TASA 9.01 SERV. CARACT. GRAL.,5550
32901,3,TASAS Y OTROS INGRESOS,3 TASAS Y OTROS INGRESOS,32,TASAS DE LA COMUNIDAD AUTÓNOMA,32 TASAS DE LA COMUNIDAD AUTONOMA,329,ACTUACIONES CARÁCTER GENERAL,329 ACTUACIONES CARACTER GENERAL,32901,TASA 9.02 DIR. E INSP. OBRAS,32901 TASA 9.02 DIR. E INSP. OBRAS,821250
32903,3,TASAS Y OTROS INGRESOS,3 TASAS Y OTROS INGRESOS,32,TASAS DE LA COMUNIDAD AUTÓNOMA,32 TASAS DE LA COMUNIDAD AUTONOMA,329,ACTUACIONES CARÁCTER GENERAL,329 ACTUACIONES CARACTER GENERAL,32903,TASA 9.04 INSC.PROC.SEL.PERSON,32903 TASA 9.04 INSC.PROC.SEL.PERSON,50000
33100,3,TASAS Y OTROS INGRESOS,3 TASAS Y OTROS INGRESOS,33,TASAS DECRETOS TRANSFERENCIAS,33 TASAS DECRETOS TRANSFERENCIAS,331,SERVICIOS PÚBLICOS BÁSICOS,331 SERVICIOS PUBLICOS BASICOS,33100,TASA 1.15 AUTORIZACIONES,33100 TASA 1.15 AUTORIZACIONES,5000
33200,3,TASAS Y OTROS INGRESOS,3 TASAS Y OTROS INGRESOS,33,TASAS DECRETOS TRANSFERENCIAS,33 TASAS DECRETOS TRANSFERENCIAS,332,ACT. PROTECC. Y PROMOC. SOCIAL,332 ACT. PROTECC. Y PROMOC. SOCIAL,33200,TASA 2.15 ACR. CENT. FORM. EMP,33200 TASA 2.15 ACR. CENT. FORM. EMP,8000
33201,3,TASAS Y OTROS INGRESOS,3 TASAS Y OTROS INGRESOS,33,TASAS DECRETOS TRANSFERENCIAS,33 TASAS DECRETOS TRANSFERENCIAS,332,ACT. PROTECC. Y PROMOC. SOCIAL,332 ACT. PROTECC. Y PROMOC. SOCIAL,33201,TASA 2.16 REC. COMP. PROFESION,33201 TASA 2.16 REC. COMP. PROFESION,100
33202,3,TASAS Y OTROS INGRESOS,3 TASAS Y OTROS INGRESOS,33,TASAS DECRETOS TRANSFERENCIAS,33 TASAS DECRETOS TRANSFERENCIAS,332,ACT. PROTECC. Y PROMOC. SOCIAL,332 ACT. PROTECC. Y PROMOC. SOCIAL,33202,TASA 2.17 ACT. PROT. VIVIENDA,33202 TASA 2.17 ACT. PROT. VIVIENDA,1000
33203,3,TASAS Y OTROS INGRESOS,3 TASAS Y OTROS INGRESOS,33,TASAS DECRETOS TRANSFERENCIAS,33 TASAS DECRETOS TRANSFERENCIAS,332,ACT. PROTECC. Y PROMOC. SOCIAL,332 ACT. PROTECC. Y PROMOC. SOCIAL,33203,TASA 2.18 CÉDULAS HABITABILIDA,33203 TASA 2.18 CEDULAS HABITABILIDA,65000
33204,3,TASAS Y OTROS INGRESOS,3 TASAS Y OTROS INGRESOS,33,TASAS DECRETOS TRANSFERENCIAS,33 TASAS DECRETOS TRANSFERENCIAS,332,ACT. PROTECC. Y PROMOC. SOCIAL,332 ACT. PROTECC. Y PROMOC. SOCIAL,33204,TASA 2.19 SERV. ADM. URBANISMO,33204 TASA 2.19 SERV. ADM. URBANISMO,7000
33205,3,TASAS Y OTROS INGRESOS,3 TASAS Y OTROS INGRESOS,33,TASAS DECRETOS TRANSFERENCIAS,33 TASAS DECRETOS TRANSFERENCIAS,332,ACT. PROTECC. Y PROMOC. SOCIAL,332 ACT. PROTECC. Y PROMOC. SOCIAL,33205,TASA 2.20 PROCED. URBANÍSTICOS,33205 TASA 2.20 PROCED. URBANISTICOS,10000
33206,3,TASAS Y OTROS INGRESOS,3 TASAS Y OTROS INGRESOS,33,TASAS DECRETOS TRANSFERENCIAS,33 TASAS DECRETOS TRANSFERENCIAS,332,ACT. PROTECC. Y PROMOC. SOCIAL,332 ACT. PROTECC. Y PROMOC. SOCIAL,33206,TASA 2.21 AUTORIZ. URBANÍSTICA,33206 TASA 2.21 AUTORIZ. URBANISTICA,10000
33207,3,TASAS Y OTROS INGRESOS,3 TASAS Y OTROS INGRESOS,33,TASAS DECRETOS TRANSFERENCIAS,33 TASAS DECRETOS TRANSFERENCIAS,332,ACT. PROTECC. Y PROMOC. SOCIAL,332 ACT. PROTECC. Y PROMOC. SOCIAL,33207,TASA 2.22 REG. ENT. URB. COLAB,33207 TASA 2.22 REG. ENT. URB. COLAB,200
33208,3,TASAS Y OTROS INGRESOS,3 TASAS Y OTROS INGRESOS,33,TASAS DECRETOS TRANSFERENCIAS,33 TASAS DECRETOS TRANSFERENCIAS,332,ACT. PROTECC. Y PROMOC. SOCIAL,332 ACT. PROTECC. Y PROMOC. SOCIAL,33208,TASA 2.23 TIT. MON. TIEMP. LIB,33208 TASA 2.23 TIT. MON. TIEMP. LIB,1500
33209,3,TASAS Y OTROS INGRESOS,3 TASAS Y OTROS INGRESOS,33,TASAS DECRETOS TRANSFERENCIAS,33 TASAS DECRETOS TRANSFERENCIAS,332,ACT. PROTECC. Y PROMOC. SOCIAL,332 ACT. PROTECC. Y PROMOC. SOCIAL,33209,TASA 2.24 ACAMP. LIBRE GRUPOS,33209 TASA 2.24 ACAMP. LIBRE GRUPOS,700
33300,3,TASAS Y OTROS INGRESOS,3 TASAS Y OTROS INGRESOS,33,TASAS DECRETOS TRANSFERENCIAS,33 TASAS DECRETOS TRANSFERENCIAS,333,PROD. BIENES PUBL. CARAC. PREF,333 PROD. BIENES PUBL. CARAC. PREF,33300,TASA 3.15 SERVICIOS SANITARIOS,33300 TASA 3.15 SERVICIOS SANITARIOS,153500
33301,3,TASAS Y OTROS INGRESOS,3 TASAS Y OTROS INGRESOS,33,TASAS DECRETOS TRANSFERENCIAS,33 TASAS DECRETOS TRANSFERENCIAS,333,PROD. BIENES PUBL. CARAC. PREF,333 PROD. BIENES PUBL. CARAC. PREF,33301,TASA 3.16 CONTROL SANIT. CARNE,33301 TASA 3.16 CONTROL SANIT. CARNE,23000
33302,3,TASAS Y OTROS INGRESOS,3 TASAS Y OTROS INGRESOS,33,TASAS DECRETOS TRANSFERENCIAS,33 TASAS DECRETOS TRANSFERENCIAS,333,PROD. BIENES PUBL. CARAC. PREF,333 PROD. BIENES PUBL. CARAC. PREF,33302,TASA 3.17 SER.DOC.EOI Y CONSER,33302 TASA 3.17 SER.DOC.EOI Y CONSER,240000
33303,3,TASAS Y OTROS INGRESOS,3 TASAS Y OTROS INGRESOS,33,TASAS DECRETOS TRANSFERENCIAS,33 TASAS DECRETOS TRANSFERENCIAS,333,PROD. BIENES PUBL. CARAC. PREF,333 PROD. BIENES PUBL. CARAC. PREF,33303,TASA 3.18 EXP.TIT.ACAD. Y PROF,33303 TASA 3.18 EXP.TIT.ACAD. Y PROF,130000
33400,3,TASAS Y OTROS INGRESOS,3 TASAS Y OTROS INGRESOS,33,TASAS DECRETOS TRANSFERENCIAS,33 TASAS DECRETOS TRANSFERENCIAS,334,ACTUACIONES CARÁCTER ECONÓMICO,334 ACTUACIONES CARACTER ECONOMICO,33400,TASA 4.15 SERV. PROD. AGRÍCOLA,33400 TASA 4.15 SERV. PROD. AGRICOLA,40000
33401,3,TASAS Y OTROS INGRESOS,3 TASAS Y OTROS INGRESOS,33,TASAS DECRETOS TRANSFERENCIAS,33 TASAS DECRETOS TRANSFERENCIAS,334,ACTUACIONES CARÁCTER ECONÓMICO,334 ACTUACIONES CARACTER ECONOMICO,33401,TASA 4.16 ORD.Y DEF. IND. AGRA,33401 TASA 4.16 ORD.Y DEF. IND. AGRA,8000
33402,3,TASAS Y OTROS INGRESOS,3 TASAS Y OTROS INGRESOS,33,TASAS DECRETOS TRANSFERENCIAS,33 TASAS DECRETOS TRANSFERENCIAS,334,ACTUACIONES CARÁCTER ECONÓMICO,334 ACTUACIONES CARACTER ECONOMICO,33402,TASA 4.17 GEST. SERV. AGRONÓM,33402 TASA 4.17 GEST. SERV. AGRONOM,40000
33403,3,TASAS Y OTROS INGRESOS,3 TASAS Y OTROS INGRESOS,33,TASAS DECRETOS TRANSFERENCIAS,33 TASAS DECRETOS TRANSFERENCIAS,334,ACTUACIONES CARÁCTER ECONÓMICO,334 ACTUACIONES CARACTER ECONOMICO,33403,TASA 4.18 SERV. FAC. VETERINAR,33403 TASA 4.18 SERV. FAC. VETERINAR,25000
33405,3,TASAS Y OTROS INGRESOS,3 TASAS Y OTROS INGRESOS,33,TASAS DECRETOS TRANSFERENCIAS,33 TASAS DECRETOS TRANSFERENCIAS,334,ACTUACIONES CARÁCTER ECONÓMICO,334 ACTUACIONES CARACTER ECONOMICO,33405,TASA 4.20 SERV. VETER. FERIAS,33405 TASA 4.20 SERV. VETER. FERIAS,2600
33406,3,TASAS Y OTROS INGRESOS,3 TASAS Y OTROS INGRESOS,33,TASAS DECRETOS TRANSFERENCIAS,33 TASAS DECRETOS TRANSFERENCIAS,334,ACTUACIONES CARÁCTER ECONÓMICO,334 ACTUACIONES CARACTER ECONOMICO,33406,TASA 4.21 INDUSTRIA,33406 TASA 4.21 INDUSTRIA,195000
33407,3,TASAS Y OTROS INGRESOS,3 TASAS Y OTROS INGRESOS,33,TASAS DECRETOS TRANSFERENCIAS,33 TASAS DECRETOS TRANSFERENCIAS,334,ACTUACIONES CARÁCTER ECONÓMICO,334 ACTUACIONES CARACTER ECONOMICO,33407,TASA 4.22 PREST. SERVICIOS ITV,33407 TASA 4.22 PREST. SERVICIOS ITV,500000
33408,3,TASAS Y OTROS INGRESOS,3 TASAS Y OTROS INGRESOS,33,TASAS DECRETOS TRANSFERENCIAS,33 TASAS DECRETOS TRANSFERENCIAS,334,ACTUACIONES CARÁCTER ECONÓMICO,334 ACTUACIONES CARACTER ECONOMICO,33408,TASA 4.23 LICENCIA COMERC. ESP,33408 TASA 4.23 LICENCIA COMERC. ESP,100
33410,3,TASAS Y OTROS INGRESOS,3 TASAS Y OTROS INGRESOS,33,TASAS DECRETOS TRANSFERENCIAS,33 TASAS DECRETOS TRANSFERENCIAS,334,ACTUACIONES CARÁCTER ECONÓMICO,334 ACTUACIONES CARACTER ECONOMICO,33410,TASA 4.25 REG. PROP. INTELECT.,33410 TASA 4.25 REG. PROP. INTELECT.,2800
33411,3,TASAS Y OTROS INGRESOS,3 TASAS Y OTROS INGRESOS,33,TASAS DECRETOS TRANSFERENCIAS,33 TASAS DECRETOS TRANSFERENCIAS,334,ACTUACIONES CARÁCTER ECONÓMICO,334 ACTUACIONES CARACTER ECONOMICO,33411,TASA 4.26 ORD.TRANS.MEC.CARRET,33411 TASA 4.26 ORD.TRANS.MEC.CARRET,255000
33412,3,TASAS Y OTROS INGRESOS,3 TASAS Y OTROS INGRESOS,33,TASAS DECRETOS TRANSFERENCIAS,33 TASAS DECRETOS TRANSFERENCIAS,334,ACTUACIONES CARÁCTER ECONÓMICO,334 ACTUACIONES CARACTER ECONOMICO,33412,TASA 4.27 LAB.CONT.CAL.MATERIA,33412 TASA 4.27 LAB.CONT.CAL.MATERIA,50000
33413,3,TASAS Y OTROS INGRESOS,3 TASAS Y OTROS INGRESOS,33,TASAS DECRETOS TRANSFERENCIAS,33 TASAS DECRETOS TRANSFERENCIAS,334,ACTUACIONES CARÁCTER ECONÓMICO,334 ACTUACIONES CARACTER ECONOMICO,33413,TASA 4.28 OC. Y APR. BIEN. DOM,33413 TASA 4.28 OC. Y APR. BIEN. DOM,40000
33414,3,TASAS Y OTROS INGRESOS,3 TASAS Y OTROS INGRESOS,33,TASAS DECRETOS TRANSFERENCIAS,33 TASAS DECRETOS TRANSFERENCIAS,334,ACTUACIONES CARÁCTER ECONÓMICO,334 ACTUACIONES CARACTER ECONOMICO,33414,TASA 4.29 INFORMES Y OTRAS ACT,33414 TASA 4.29 INFORMES Y OTRAS ACT,30800
33415,3,TASAS Y OTROS INGRESOS,3 TASAS Y OTROS INGRESOS,33,TASAS DECRETOS TRANSFERENCIAS,33 TASAS DECRETOS TRANSFERENCIAS,334,ACTUACIONES CARÁCTER ECONÓMICO,334 ACTUACIONES CARACTER ECONOMICO,33415,TASA 4.30 REPROD. DOCUMENTOS,33415 TASA 4.30 REPROD. DOCUMENTOS,50
33417,3,TASAS Y OTROS INGRESOS,3 TASAS Y OTROS INGRESOS,33,TASAS DECRETOS TRANSFERENCIAS,33 TASAS DECRETOS TRANSFERENCIAS,334,ACTUACIONES CARÁCTER ECONÓMICO,334 ACTUACIONES CARACTER ECONOMICO,33417,TASA 4.32 ORD. DERECHOS MINERO,33417 TASA 4.32 ORD. DERECHOS MINERO,30000
33419,3,TASAS Y OTROS INGRESOS,3 TASAS Y OTROS INGRESOS,33,TASAS DECRETOS TRANSFERENCIAS,33 TASAS DECRETOS TRANSFERENCIAS,334,ACTUACIONES CARÁCTER ECONÓMICO,334 ACTUACIONES CARACTER ECONOMICO,33419,TASA 4.34 GEST. EXPL. MINERAS,33419 TASA 4.34 GEST. EXPL. MINERAS,4000
33421,3,TASAS Y OTROS INGRESOS,3 TASAS Y OTROS INGRESOS,33,TASAS DECRETOS TRANSFERENCIAS,33 TASAS DECRETOS TRANSFERENCIAS,334,ACTUACIONES CARÁCTER ECONÓMICO,334 ACTUACIONES CARACTER ECONOMICO,33421,TASA 4.36 PART. EXAM. Y ACRED.,33421 TASA 4.36 PART. EXAM. Y ACRED.,10000
33425,3,TASAS Y OTROS INGRESOS,3 TASAS Y OTROS INGRESOS,33,TASAS DECRETOS TRANSFERENCIAS,33 TASAS DECRETOS TRANSFERENCIAS,334,ACTUACIONES CARÁCTER ECONÓMICO,334 ACTUACIONES CARACTER ECONOMICO,33425,TASA 4.40 SERV. FOREST Y VIAS,33425 TASA 4.40 SERV. FOREST Y VIAS,275000
33426,3,TASAS Y OTROS INGRESOS,3 TASAS Y OTROS INGRESOS,33,TASAS DECRETOS TRANSFERENCIAS,33 TASAS DECRETOS TRANSFERENCIAS,334,ACTUACIONES CARÁCTER ECONÓMICO,334 ACTUACIONES CARACTER ECONOMICO,33426,TASA 4.41 SERV. MATERIA CAZA,33426 TASA 4.41 SERV. MATERIA CAZA,350000
33427,3,TASAS Y OTROS INGRESOS,3 TASAS Y OTROS INGRESOS,33,TASAS DECRETOS TRANSFERENCIAS,33 TASAS DECRETOS TRANSFERENCIAS,334,ACTUACIONES CARÁCTER ECONÓMICO,334 ACTUACIONES CARACTER ECONOMICO,33427,TASA 4.42 PERMISOS CAZA CAR,33427 TASA 4.42 PERMISOS CAZA CAR,200000
33428,3,TASAS Y OTROS INGRESOS,3 TASAS Y OTROS INGRESOS,33,TASAS DECRETOS TRANSFERENCIAS,33 TASAS DECRETOS TRANSFERENCIAS,334,ACTUACIONES CARÁCTER ECONÓMICO,334 ACTUACIONES CARACTER ECONOMICO,33428,TASA 4.43 SERV. MATERIA PESCA,33428 TASA 4.43 SERV. MATERIA PESCA,90000
33429,3,TASAS Y OTROS INGRESOS,3 TASAS Y OTROS INGRESOS,33,TASAS DECRETOS TRANSFERENCIAS,33 TASAS DECRETOS TRANSFERENCIAS,334,ACTUACIONES CARÁCTER ECONÓMICO,334 ACTUACIONES CARACTER ECONOMICO,33429,TAS 4.44 PERMISOS PESCA COTOS,33429 TAS 4.44 PERMISOS PESCA COTOS,25000
33430,3,TASAS Y OTROS INGRESOS,3 TASAS Y OTROS INGRESOS,33,TASAS DECRETOS TRANSFERENCIAS,33 TASAS DECRETOS TRANSFERENCIAS,334,ACTUACIONES CARÁCTER ECONÓMICO,334 ACTUACIONES CARACTER ECONOMICO,33430,TASA 4.45 SERV. FLORA Y FAUNA,33430 TASA 4.45 SERV. FLORA Y FAUNA,1000
33431,3,TASAS Y OTROS INGRESOS,3 TASAS Y OTROS INGRESOS,33,TASAS DECRETOS TRANSFERENCIAS,33 TASAS DECRETOS TRANSFERENCIAS,334,ACTUACIONES CARÁCTER ECONÓMICO,334 ACTUACIONES CARACTER ECONOMICO,33431,TASA 4.46 OCUP. APROV VIAS PEC,33431 TASA 4.46 OCUP. APROV VIAS PEC,100000
33432,3,TASAS Y OTROS INGRESOS,3 TASAS Y OTROS INGRESOS,33,TASAS DECRETOS TRANSFERENCIAS,33 TASAS DECRETOS TRANSFERENCIAS,334,ACTUACIONES CARÁCTER ECONÓMICO,334 ACTUACIONES CARACTER ECONOMICO,33432,TASA 4.47 SERV. CALIDAD AMBIEN,33432 TASA 4.47 SERV. CALIDAD AMBIEN,70000
33433,3,TASAS Y OTROS INGRESOS,3 TASAS Y OTROS INGRESOS,33,TASAS DECRETOS TRANSFERENCIAS,33 TASAS DECRETOS TRANSFERENCIAS,334,ACTUACIONES CARÁCTER ECONÓMICO,334 ACTUACIONES CARACTER ECONOMICO,33433,TASA 4.48 SER.MAT.INF. MEDIOAM,33433 TASA 4.48 SER.MAT.INF. MEDIOAM,500
33900,3,TASAS Y OTROS INGRESOS,3 TASAS Y OTROS INGRESOS,33,TASAS DECRETOS TRANSFERENCIAS,33 TASAS DECRETOS TRANSFERENCIAS,339,ACTUACIONES CARÁCTER GENERAL,339 ACTUACIONES CARACTER GENERAL,33900,TASA 9.15 ACT. JUEGOS SUERTE,33900 TASA 9.15 ACT. JUEGOS SUERTE,75000
33901,3,TASAS Y OTROS INGRESOS,3 TASAS Y OTROS INGRESOS,33,TASAS DECRETOS TRANSFERENCIAS,33 TASAS DECRETOS TRANSFERENCIAS,339,ACTUACIONES CARÁCTER GENERAL,339 ACTUACIONES CARACTER GENERAL,33901,TASA 9.16 VENT.IMP.OBLIG.TRIB.,33901 TASA 9.16 VENT.IMP.OBLIG.TRIB.,1000
33902,3,TASAS Y OTROS INGRESOS,3 TASAS Y OTROS INGRESOS,33,TASAS DECRETOS TRANSFERENCIAS,33 TASAS DECRETOS TRANSFERENCIAS,339,ACTUACIONES CARÁCTER GENERAL,339 ACTUACIONES CARACTER GENERAL,33902,TASA 9.17. INS.REG.MED.SEGUROS,33902 TASA 9.17. INS.REG.MED.SEGUROS,500
33903,3,TASAS Y OTROS INGRESOS,3 TASAS Y OTROS INGRESOS,33,TASAS DECRETOS TRANSFERENCIAS,33 TASAS DECRETOS TRANSFERENCIAS,339,ACTUACIONES CARÁCTER GENERAL,339 ACTUACIONES CARACTER GENERAL,33903,TASA 9.18 BOLETÍN OF. LA RIOJA,33903 TASA 9.18 BOLETIN OF. LA RIOJA,60000
35000,3,TASAS Y OTROS INGRESOS,3 TASAS Y OTROS INGRESOS,35,INGRESOS PREST. ASIST. SANITAR,35 INGRESOS PREST. ASIST. SANITAR,350,GESTIONADA POR EL S.R.S.,350 GESTIONADA POR EL S.R.S.,35000,DEL SECTOR PÚBLICO,35000 DEL SECTOR PUBLICO,100000
35001,3,TASAS Y OTROS INGRESOS,3 TASAS Y OTROS INGRESOS,35,INGRESOS PREST. ASIST. SANITAR,35 INGRESOS PREST. ASIST. SANITAR,350,GESTIONADA POR EL S.R.S.,350 GESTIONADA POR EL S.R.S.,35001,DEL SECTOR PRIVADO,35001 DEL SECTOR PRIVADO,3000000
38000,3,TASAS Y OTROS INGRESOS,3 TASAS Y OTROS INGRESOS,38,REINTEGROS,38 REINTEGROS,380,DE PAGOS EJERCICIOS ANTERIORES,380 DE PAGOS EJERCICIOS ANTERIORES,38000,DE PAGOS EJERCICIOS ANTERIORES,38000 DE PAGOS EJERCICIOS ANTERIORES,2500000
39000,3,TASAS Y OTROS INGRESOS,3 TASAS Y OTROS INGRESOS,39,OTROS INGRESOS,39 OTROS INGRESOS,390,DERECHOS EXAM. PROV. PLAZ. PAR,390 DERECHOS EXAM. PROV. PLAZ. PAR,39000,DERECHOS EXAM. PROV. PLAZ. PAR,39000 DERECHOS EXAM. PROV. PLAZ. PAR,100
39100,3,TASAS Y OTROS INGRESOS,3 TASAS Y OTROS INGRESOS,39,OTROS INGRESOS,39 OTROS INGRESOS,391,RECARGOS Y MULTAS,391 RECARGOS Y MULTAS,39100,RECARGOS DE APREMIO,39100 RECARGOS DE APREMIO,100000
39101,3,TASAS Y OTROS INGRESOS,3 TASAS Y OTROS INGRESOS,39,OTROS INGRESOS,39 OTROS INGRESOS,391,RECARGOS Y MULTAS,391 RECARGOS Y MULTAS,39101,INTERESES DE DEMORA,39101 INTERESES DE DEMORA,100000
39102,3,TASAS Y OTROS INGRESOS,3 TASAS Y OTROS INGRESOS,39,OTROS INGRESOS,39 OTROS INGRESOS,391,RECARGOS Y MULTAS,391 RECARGOS Y MULTAS,39102,MULTAS Y SANCIONES,39102 MULTAS Y SANCIONES,3000000
39103,3,TASAS Y OTROS INGRESOS,3 TASAS Y OTROS INGRESOS,39,OTROS INGRESOS,39 OTROS INGRESOS,391,RECARGOS Y MULTAS,391 RECARGOS Y MULTAS,39103,MULTAS Y SANCIONES COVID-19,39103 MULTAS Y SANCIONES COVID-19,100000
39200,3,TASAS Y OTROS INGRESOS,3 TASAS Y OTROS INGRESOS,39,OTROS INGRESOS,39 OTROS INGRESOS,392,RECAUDACIÓN DE TRIBUTOS,392 RECAUDACION DE TRIBUTOS,39200,RECAUDACIÓN DE TRIBUTOS,39200 RECAUDACION DE TRIBUTOS,2500000
39500,3,TASAS Y OTROS INGRESOS,3 TASAS Y OTROS INGRESOS,39,OTROS INGRESOS,39 OTROS INGRESOS,395,INGRESOS DE GESTIONES DIVERSAS,395 INGRESOS DE GESTIONES DIVERSAS,39500,COMISIONES CONCESIÓN AVALES,39500 COMISIONES CONCESION AVALES,1000
39502,3,TASAS Y OTROS INGRESOS,3 TASAS Y OTROS INGRESOS,39,OTROS INGRESOS,39 OTROS INGRESOS,395,INGRESOS DE GESTIONES DIVERSAS,395 INGRESOS DE GESTIONES DIVERSAS,39502,PRIMAS CANALIZACIÓN IMPUESTOS,39502 PRIMAS CANALIZACION IMPUESTOS,1000
39901,3,TASAS Y OTROS INGRESOS,3 TASAS Y OTROS INGRESOS,39,OTROS INGRESOS,39 OTROS INGRESOS,399,INGRESOS DIVERSOS,399 INGRESOS DIVERSOS,39901,RECURSOS EVENTUALES,39901 RECURSOS EVENTUALES,600
39902,3,TASAS Y OTROS INGRESOS,3 TASAS Y OTROS INGRESOS,39,OTROS INGRESOS,39 OTROS INGRESOS,399,INGRESOS DIVERSOS,399 INGRESOS DIVERSOS,39902,COSTAS JUDICIALES,39902 COSTAS JUDICIALES,50000
39904,3,TASAS Y OTROS INGRESOS,3 TASAS Y OTROS INGRESOS,39,OTROS INGRESOS,39 OTROS INGRESOS,399,INGRESOS DIVERSOS,399 INGRESOS DIVERSOS,39904,OTRAS INDEMNIZACIONES,39904 OTRAS INDEMNIZACIONES,100000
39906,3,TASAS Y OTROS INGRESOS,3 TASAS Y OTROS INGRESOS,39,OTROS INGRESOS,39 OTROS INGRESOS,399,INGRESOS DIVERSOS,399 INGRESOS DIVERSOS,39906,MUTUAS ACCIDENTES DE TRABAJO,39906 MUTUAS ACCIDENTES DE TRABAJO,37000
39999,3,TASAS Y OTROS INGRESOS,3 TASAS Y OTROS INGRESOS,39,OTROS INGRESOS,39 OTROS INGRESOS,399,INGRESOS DIVERSOS,399 INGRESOS DIVERSOS,39999,OTROS INGRESOS DIVERSOS,39999 OTROS INGRESOS DIVERSOS,166300
40100,4,TRANSFERENCIAS CORRIENTES,4 TRANSFERENCIAS CORRIENTES,40,DE ADMINISTRACIÓN DEL ESTADO,40 DE ADMINISTRACION DEL ESTADO,401,DE DEPARTAMENTOS MINISTERIALES,401 DE DEPARTAMENTOS MINISTERIALES,40100,SANIDAD,40100 SANIDAD,472300
40101,4,TRANSFERENCIAS CORRIENTES,4 TRANSFERENCIAS CORRIENTES,40,DE ADMINISTRACIÓN DEL ESTADO,40 DE ADMINISTRACION DEL ESTADO,401,DE DEPARTAMENTOS MINISTERIALES,401 DE DEPARTAMENTOS MINISTERIALES,40101,AGRIC. PESCA Y ALIMENTACIÓN,40101 AGRIC. PESCA Y ALIMENTACION,2904760
40103,4,TRANSFERENCIAS CORRIENTES,4 TRANSFERENCIAS CORRIENTES,40,DE ADMINISTRACIÓN DEL ESTADO,40 DE ADMINISTRACION DEL ESTADO,401,DE DEPARTAMENTOS MINISTERIALES,401 DE DEPARTAMENTOS MINISTERIALES,40103,"INCLUSIÓN, SEG. SOC. Y MIGRAC.","40103 INCLUSION, SEG. SOC. Y MIGRAC.",3500
40104,4,TRANSFERENCIAS CORRIENTES,4 TRANSFERENCIAS CORRIENTES,40,DE ADMINISTRACIÓN DEL ESTADO,40 DE ADMINISTRACION DEL ESTADO,401,DE DEPARTAMENTOS MINISTERIALES,401 DE DEPARTAMENTOS MINISTERIALES,40104,EDUCACIÓN Y FORMAC. PROFESIONA,40104 EDUCACION Y FORMAC. PROFESIONA,3910040
40108,4,TRANSFERENCIAS CORRIENTES,4 TRANSFERENCIAS CORRIENTES,40,DE ADMINISTRACIÓN DEL ESTADO,40 DE ADMINISTRACION DEL ESTADO,401,DE DEPARTAMENTOS MINISTERIALES,401 DE DEPARTAMENTOS MINISTERIALES,40108,HACIENDA Y FUNCIÓN PÚBLICA,40108 HACIENDA Y FUNCION PUBLICA,133239210
40117,4,TRANSFERENCIAS CORRIENTES,4 TRANSFERENCIAS CORRIENTES,40,DE ADMINISTRACIÓN DEL ESTADO,40 DE ADMINISTRACION DEL ESTADO,401,DE DEPARTAMENTOS MINISTERIALES,401 DE DEPARTAMENTOS MINISTERIALES,40117,DERECHOS SOCIAL. Y AGENDA 2030,40117 DERECHOS SOCIAL. Y AGENDA 2030,2441300
40118,4,TRANSFERENCIAS CORRIENTES,4 TRANSFERENCIAS CORRIENTES,40,DE ADMINISTRACIÓN DEL ESTADO,40 DE ADMINISTRACION DEL ESTADO,401,DE DEPARTAMENTOS MINISTERIALES,401 DE DEPARTAMENTOS MINISTERIALES,40118,IGUALDAD,40118 IGUALDAD,1940000
40204,4,TRANSFERENCIAS CORRIENTES,4 TRANSFERENCIAS CORRIENTES,40,DE ADMINISTRACIÓN DEL ESTADO,40 DE ADMINISTRACION DEL ESTADO,402,PARTICIPAC.INGRESOS DEL ESTADO,402 PARTICIPAC.INGRESOS DEL ESTADO,40204,TRANSFERENCIA FONDO GARANTÍA,40204 TRANSFERENCIA FONDO GARANTIA,115275740
40207,4,TRANSFERENCIAS CORRIENTES,4 TRANSFERENCIAS CORRIENTES,40,DE ADMINISTRACIÓN DEL ESTADO,40 DE ADMINISTRACION DEL ESTADO,402,PARTICIPAC.INGRESOS DEL ESTADO,402 PARTICIPAC.INGRESOS DEL ESTADO,40207,FONDO DE SUFICIENCIA GLOBAL,40207 FONDO DE SUFICIENCIA GLOBAL,198202920
40212,4,TRANSFERENCIAS CORRIENTES,4 TRANSFERENCIAS CORRIENTES,40,DE ADMINISTRACIÓN DEL ESTADO,40 DE ADMINISTRACION DEL ESTADO,402,PARTICIPAC.INGRESOS DEL ESTADO,402 PARTICIPAC.INGRESOS DEL ESTADO,40212,FONDOS CONVERGENCIA AUTONÓMICA,40212 FONDOS CONVERGENCIA AUTONOMICA,10132810
40300,4,TRANSFERENCIAS CORRIENTES,4 TRANSFERENCIAS CORRIENTES,40,DE ADMINISTRACIÓN DEL ESTADO,40 DE ADMINISTRACION DEL ESTADO,403,PENSIONES ASISTENCIALES,403 PENSIONES ASISTENCIALES,40300,PENSIONES ASISTENCIALES,40300 PENSIONES ASISTENCIALES,3000
40600,4,TRANSFERENCIAS CORRIENTES,4 TRANSFERENCIAS CORRIENTES,40,DE ADMINISTRACIÓN DEL ESTADO,40 DE ADMINISTRACION DEL ESTADO,406,"ASIGNACIÓN 0,7% DEL I.R.P.F","406 ASIGNACION 0,7% DEL I.R.P.F",40600,"ASIGNACIÓN 0,7% DEL I.R.P.F","40600 ASIGNACION 0,7% DEL I.R.P.F",1710000
41000,4,TRANSFERENCIAS CORRIENTES,4 TRANSFERENCIAS CORRIENTES,41,ORG. AUTON. ADMON. ESTADO,41 ORG. AUTON. ADMON. ESTADO,410,DE ORGANISMOS AUTÓNOMOS,410 DE ORGANISMOS AUTONOMOS,41000,SERV. PUB. EMPLEO ESTATAL,41000 SERV. PUB. EMPLEO ESTATAL,11358225
41008,4,TRANSFERENCIAS CORRIENTES,4 TRANSFERENCIAS CORRIENTES,41,ORG. AUTON. ADMON. ESTADO,41 ORG. AUTON. ADMON. ESTADO,410,DE ORGANISMOS AUTÓNOMOS,410 DE ORGANISMOS AUTONOMOS,41008,INAP,41008 INAP,300000
41009,4,TRANSFERENCIAS CORRIENTES,4 TRANSFERENCIAS CORRIENTES,41,ORG. AUTON. ADMON. ESTADO,41 ORG. AUTON. ADMON. ESTADO,410,DE ORGANISMOS AUTÓNOMOS,410 DE ORGANISMOS AUTONOMOS,41009,ORGANISMO NACIONAL DE LOTERÍAS,41009 ORGANISMO NACIONAL DE LOTERIAS,50000
42100,4,TRANSFERENCIAS CORRIENTES,4 TRANSFERENCIAS CORRIENTES,42,DE LA SEGURIDAD SOCIAL,42 DE LA SEGURIDAD SOCIAL,421,DEL IMSERSO,421 DEL IMSERSO,42100,PRESTACIONES DEPENDENCIA,42100 PRESTACIONES DEPENDENCIA,9950000
42200,4,TRANSFERENCIAS CORRIENTES,4 TRANSFERENCIAS CORRIENTES,42,DE LA SEGURIDAD SOCIAL,42 DE LA SEGURIDAD SOCIAL,422,DE TESORERÍA GRAL. SEG. SOC.,422 DE TESORERIA GRAL. SEG. SOC.,42200,DE TESORERÍA GRAL. SEG. SOC.,42200 DE TESORERIA GRAL. SEG. SOC.,2217800
49000,4,TRANSFERENCIAS CORRIENTES,4 TRANSFERENCIAS CORRIENTES,49,DEL EXTERIOR,49 DEL EXTERIOR,490,PROG. OPER. FONDO SOCIAL EUROP,490 PROG. OPER. FONDO SOCIAL EUROP,49000,PROG. OPER. FONDO SOCIAL EUROP,49000 PROG. OPER. FONDO SOCIAL EUROP,30000000
49101,4,TRANSFERENCIAS CORRIENTES,4 TRANSFERENCIAS CORRIENTES,49,DEL EXTERIOR,49 DEL EXTERIOR,491,FEAGA,491 FEAGA,49101,PROMOCIÓN TERCEROS PAÍSES,49101 PROMOCION TERCEROS PAISES,4508793
49129,4,TRANSFERENCIAS CORRIENTES,4 TRANSFERENCIAS CORRIENTES,49,DEL EXTERIOR,49 DEL EXTERIOR,491,FEAGA,491 FEAGA,49129,FRUTA ESCOLAR,49129 FRUTA ESCOLAR,150000
49300,4,TRANSFERENCIAS CORRIENTES,4 TRANSFERENCIAS CORRIENTES,49,DEL EXTERIOR,49 DEL EXTERIOR,493,FEADER,493 FEADER,49300,PROGRAMA DE DESARROLLO RURAL,49300 PROGRAMA DE DESARROLLO RURAL,1370175
49900,4,TRANSFERENCIAS CORRIENTES,4 TRANSFERENCIAS CORRIENTES,49,DEL EXTERIOR,49 DEL EXTERIOR,499,OTRAS TRANSFER.DEL EXTERIOR,499 OTRAS TRANSFER.DEL EXTERIOR,49900,OTROS PROGRAMAS EUROPEOS,49900 OTROS PROGRAMAS EUROPEOS,34200
51502,5,INGRESOS PATRIMONIALES,5 INGRESOS PATRIMONIALES,51,INTERESES ANTICIP. Y PRÉSTAMOS,51 INTERESES ANTICIP. Y PRESTAMOS,515,A LA COMUN.AUTÓNOM.DE LA RIOJA,515 A LA COMUN.AUTONOM.DE LA RIOJA,51502,A ENTIDADES PÚBLICAS EMPRESAR.,51502 A ENTIDADES PUBLICAS EMPRESAR.,24400
51503,5,INGRESOS PATRIMONIALES,5 INGRESOS PATRIMONIALES,51,INTERESES ANTICIP. Y PRÉSTAMOS,51 INTERESES ANTICIP. Y PRESTAMOS,515,A LA COMUN.AUTÓNOM.DE LA RIOJA,515 A LA COMUN.AUTONOM.DE LA RIOJA,51503,A SOCIEDADES PÚBLICAS,51503 A SOCIEDADES PUBLICAS,8000
51599,5,INGRESOS PATRIMONIALES,5 INGRESOS PATRIMONIALES,51,INTERESES ANTICIP. Y PRÉSTAMOS,51 INTERESES ANTICIP. Y PRESTAMOS,515,A LA COMUN.AUTÓNOM.DE LA RIOJA,515 A LA COMUN.AUTONOM.DE LA RIOJA,51599,A OTROS ENTES PÚBLICOS,51599 A OTROS ENTES PUBLICOS,3000
51601,5,INGRESOS PATRIMONIALES,5 INGRESOS PATRIMONIALES,51,INTERESES ANTICIP. Y PRÉSTAMOS,51 INTERESES ANTICIP. Y PRESTAMOS,516,A CORPORACIONES LOCALES,516 A CORPORACIONES LOCALES,51601,AYTO.DE LOGROÑO.V.P.O.RUAVIEJA,51601 AYTO.DE LOGROÑO.V.P.O.RUAVIEJA,14000
51604,5,INGRESOS PATRIMONIALES,5 INGRESOS PATRIMONIALES,51,INTERESES ANTICIP. Y PRÉSTAMOS,51 INTERESES ANTICIP. Y PRESTAMOS,516,A CORPORACIONES LOCALES,516 A CORPORACIONES LOCALES,51604,AYTO LOGROÑO CASCO HISTÓRICO,51604 AYTO LOGROÑO CASCO HISTORICO,6600
52000,5,INGRESOS PATRIMONIALES,5 INGRESOS PATRIMONIALES,52,INTERESES DE DEPÓSITOS,52 INTERESES DE DEPOSITOS,520,INTERESES DE CUENTAS BANCARIAS,520 INTERESES DE CUENTAS BANCARIAS,52000,INTERESES DE CUENTAS BANCARIAS,52000 INTERESES DE CUENTAS BANCARIAS,1100
54001,5,INGRESOS PATRIMONIALES,5 INGRESOS PATRIMONIALES,54,RENTAS DE BIENES INMUEBLES,54 RENTAS DE BIENES INMUEBLES,540,ARRENDAMIENTOS FINCAS URBANAS,540 ARRENDAMIENTOS FINCAS URBANAS,54001,ARRENDAMIENTOS PARA VIVIENDA,54001 ARRENDAMIENTOS PARA VIVIENDA,54800
54008,5,INGRESOS PATRIMONIALES,5 INGRESOS PATRIMONIALES,54,RENTAS DE BIENES INMUEBLES,54 RENTAS DE BIENES INMUEBLES,540,ARRENDAMIENTOS FINCAS URBANAS,540 ARRENDAMIENTOS FINCAS URBANAS,54008,ARRENDAMIENTO DISTINTO VIVIEND,54008 ARRENDAMIENTO DISTINTO VIVIEND,19000
55001,5,INGRESOS PATRIMONIALES,5 INGRESOS PATRIMONIALES,55,PRODUCTO CONCESIONES Y APROV.,55 PRODUCTO CONCESIONES Y APROV.,550,CONCESIONES ADMINISTRATIVAS,550 CONCESIONES ADMINISTRATIVAS,55001,CONCES.EXP.CAFET. CENT. HOSP.,55001 CONCES.EXP.CAFET. CENT. HOSP.,4000
55002,5,INGRESOS PATRIMONIALES,5 INGRESOS PATRIMONIALES,55,PRODUCTO CONCESIONES Y APROV.,55 PRODUCTO CONCESIONES Y APROV.,550,CONCESIONES ADMINISTRATIVAS,550 CONCESIONES ADMINISTRATIVAS,55002,CONC.EXPLO.CAFET.INSTAL.DEPORT,55002 CONC.EXPLO.CAFET.INSTAL.DEPORT,35000
55003,5,INGRESOS PATRIMONIALES,5 INGRESOS PATRIMONIALES,55,PRODUCTO CONCESIONES Y APROV.,55 PRODUCTO CONCESIONES Y APROV.,550,CONCESIONES ADMINISTRATIVAS,550 CONCESIONES ADMINISTRATIVAS,55003,CONCES.EXPLOT.RESID. DE ARNEDO,55003 CONCES.EXPLOT.RESID. DE ARNEDO,1000
55005,5,INGRESOS PATRIMONIALES,5 INGRESOS PATRIMONIALES,55,PRODUCTO CONCESIONES Y APROV.,55 PRODUCTO CONCESIONES Y APROV.,550,CONCESIONES ADMINISTRATIVAS,550 CONCESIONES ADMINISTRATIVAS,55005,EXPLOT.BAR-REST. EL RASILLO,55005 EXPLOT.BAR-REST. EL RASILLO,8000
55007,5,INGRESOS PATRIMONIALES,5 INGRESOS PATRIMONIALES,55,PRODUCTO CONCESIONES Y APROV.,55 PRODUCTO CONCESIONES Y APROV.,550,CONCESIONES ADMINISTRATIVAS,550 CONCESIONES ADMINISTRATIVAS,55007,CONCES.EXPLOT.RESID. ALBELDA,55007 CONCES.EXPLOT.RESID. ALBELDA,13900
55010,5,INGRESOS PATRIMONIALES,5 INGRESOS PATRIMONIALES,55,PRODUCTO CONCESIONES Y APROV.,55 PRODUCTO CONCESIONES Y APROV.,550,CONCESIONES ADMINISTRATIVAS,550 CONCESIONES ADMINISTRATIVAS,55010,RESIDENCIA ALZHEIMER,55010 RESIDENCIA ALZHEIMER,14100
55012,5,INGRESOS PATRIMONIALES,5 INGRESOS PATRIMONIALES,55,PRODUCTO CONCESIONES Y APROV.,55 PRODUCTO CONCESIONES Y APROV.,550,CONCESIONES ADMINISTRATIVAS,550 CONCESIONES ADMINISTRATIVAS,55012,CENTRO CONVALECENCIA DE HARO,55012 CENTRO CONVALECENCIA DE HARO,9800
55099,5,INGRESOS PATRIMONIALES,5 INGRESOS PATRIMONIALES,55,PRODUCTO CONCESIONES Y APROV.,55 PRODUCTO CONCESIONES Y APROV.,550,CONCESIONES ADMINISTRATIVAS,550 CONCESIONES ADMINISTRATIVAS,55099,OTRAS CONCESIONES,55099 OTRAS CONCESIONES,245500
55100,5,INGRESOS PATRIMONIALES,5 INGRESOS PATRIMONIALES,55,PRODUCTO CONCESIONES Y APROV.,55 PRODUCTO CONCESIONES Y APROV.,551,APROVECHAMIENTOS ESPECIALES,551 APROVECHAMIENTOS ESPECIALES,55100,GEST.FONDO MEJ. MONTES,55100 GEST.FONDO MEJ. MONTES,52000
55101,5,INGRESOS PATRIMONIALES,5 INGRESOS PATRIMONIALES,55,PRODUCTO CONCESIONES Y APROV.,55 PRODUCTO CONCESIONES Y APROV.,551,APROVECHAMIENTOS ESPECIALES,551 APROVECHAMIENTOS ESPECIALES,55101,APROVECHAM. MONTES DE LA CAR,55101 APROVECHAM. MONTES DE LA CAR,350000
55109,5,INGRESOS PATRIMONIALES,5 INGRESOS PATRIMONIALES,55,PRODUCTO CONCESIONES Y APROV.,55 PRODUCTO CONCESIONES Y APROV.,551,APROVECHAMIENTOS ESPECIALES,551 APROVECHAMIENTOS ESPECIALES,55109,OTROS APROVECHAMIENTOS,55109 OTROS APROVECHAMIENTOS,19800
59900,5,INGRESOS PATRIMONIALES,5 INGRESOS PATRIMONIALES,59,OTROS INGRESOS PATRIMONIALES,59 OTROS INGRESOS PATRIMONIALES,599,OTROS INGRESOS PATRIMONIALES,599 OTROS INGRESOS PATRIMONIALES,59900,FACTURACIÓN AGUA LA GRAJERA,59900 FACTURACION AGUA LA GRAJERA,18100
70101,7,TRANSFERENCIAS DE CAPITAL,7 TRANSFERENCIAS DE CAPITAL,70,DE LA ADMINISTRACIÓN DEL ESTAD,70 DE LA ADMINISTRACION DEL ESTAD,701,DE DEPARTAMENTOS MINISTERIALES,701 DE DEPARTAMENTOS MINISTERIALES,70101,AGRIC. PESCA Y ALIMENTACIÓN,70101 AGRIC. PESCA Y ALIMENTACION,1090456
70104,7,TRANSFERENCIAS DE CAPITAL,7 TRANSFERENCIAS DE CAPITAL,70,DE LA ADMINISTRACIÓN DEL ESTAD,70 DE LA ADMINISTRACION DEL ESTAD,701,DE DEPARTAMENTOS MINISTERIALES,701 DE DEPARTAMENTOS MINISTERIALES,70104,EDUCACIÓN Y FORMAC. PROFESION,70104 EDUCACION Y FORMAC. PROFESION,259000
70106,7,TRANSFERENCIAS DE CAPITAL,7 TRANSFERENCIAS DE CAPITAL,70,DE LA ADMINISTRACIÓN DEL ESTAD,70 DE LA ADMINISTRACION DEL ESTAD,701,DE DEPARTAMENTOS MINISTERIALES,701 DE DEPARTAMENTOS MINISTERIALES,70106,TRANSP. MOVIL. Y AGENDA URBANA,70106 TRANSP. MOVIL. Y AGENDA URBANA,6089900
70108,7,TRANSFERENCIAS DE CAPITAL,7 TRANSFERENCIAS DE CAPITAL,70,DE LA ADMINISTRACIÓN DEL ESTAD,70 DE LA ADMINISTRACION DEL ESTAD,701,DE DEPARTAMENTOS MINISTERIALES,701 DE DEPARTAMENTOS MINISTERIALES,70108,HACIENDA Y FUNCIÓN PÚBLICA,70108 HACIENDA Y FUNCION PUBLICA,800000
76009,7,TRANSFERENCIAS DE CAPITAL,7 TRANSFERENCIAS DE CAPITAL,76,DE CORPORACIONES LOCALES,76 DE CORPORACIONES LOCALES,760,DE AYUNTAMIENTOS,760 DE AYUNTAMIENTOS,76009,OTROS AYUNTAMIENTOS,76009 OTROS AYUNTAMIENTOS,117000
79000,7,TRANSFERENCIAS DE CAPITAL,7 TRANSFERENCIAS DE CAPITAL,79,DEL EXTERIOR,79 DEL EXTERIOR,790,PROGRAMA OPERATIVO (FEDER),790 PROGRAMA OPERATIVO (FEDER),79000,PROGRAMA COMPET.REG.Y EMPLEO,79000 PROGRAMA COMPET.REG.Y EMPLEO,36798565
79100,7,TRANSFERENCIAS DE CAPITAL,7 TRANSFERENCIAS DE CAPITAL,79,DEL EXTERIOR,79 DEL EXTERIOR,791,FEAGA,791 FEAGA,79100,OCM VINO INVERSIONES,79100 OCM VINO INVERSIONES,2000000
79101,7,TRANSFERENCIAS DE CAPITAL,7 TRANSFERENCIAS DE CAPITAL,79,DEL EXTERIOR,79 DEL EXTERIOR,791,FEAGA,791 FEAGA,79101,OCM VINO REESTRUCT. VIÑEDO,79101 OCM VINO REESTRUCT. VIÑEDO,4000000
79300,7,TRANSFERENCIAS DE CAPITAL,7 TRANSFERENCIAS DE CAPITAL,79,DEL EXTERIOR,79 DEL EXTERIOR,793,FEADER,793 FEADER,79300,PROGRAMA DE DESARROLLO RURAL,79300 PROGRAMA DE DESARROLLO RURAL,12115015
82000,8,ACTIVOS FINANCIEROS,8 ACTIVOS FINANCIEROS,82,REINTEGROS PRÉST. SECTOR PÚBL.,82 REINTEGROS PREST. SECTOR PUBL.,820,A CORTO PLAZO,820 A CORTO PLAZO,82000,A CORTO PLAZO,82000 A CORTO PLAZO,5000000
82104,8,ACTIVOS FINANCIEROS,8 ACTIVOS FINANCIEROS,82,REINTEGROS PRÉST. SECTOR PÚBL.,82 REINTEGROS PREST. SECTOR PUBL.,821,A LARGO PLAZO,821 A LARGO PLAZO,82104,AYTO LOGROÑO 27 VIV. RUAVIEJA,82104 AYTO LOGROÑO 27 VIV. RUAVIEJA,183700
82106,8,ACTIVOS FINANCIEROS,8 ACTIVOS FINANCIEROS,82,REINTEGROS PRÉST. SECTOR PÚBL.,82 REINTEGROS PREST. SECTOR PUBL.,821,A LARGO PLAZO,821 A LARGO PLAZO,82106,AYTO LOGROÑO CASCO HISTÓRICO,82106 AYTO LOGROÑO CASCO HISTORICO,87100
82107,8,ACTIVOS FINANCIEROS,8 ACTIVOS FINANCIEROS,82,REINTEGROS PRÉST. SECTOR PÚBL.,82 REINTEGROS PREST. SECTOR PUBL.,821,A LARGO PLAZO,821 A LARGO PLAZO,82107,ADER-BEI,82107 ADER-BEI,2895000
82108,8,ACTIVOS FINANCIEROS,8 ACTIVOS FINANCIEROS,82,REINTEGROS PRÉST. SECTOR PÚBL.,82 REINTEGROS PREST. SECTOR PUBL.,821,A LARGO PLAZO,821 A LARGO PLAZO,82108,ADER-ICO FF,82108 ADER-ICO FF,579500
82109,8,ACTIVOS FINANCIEROS,8 ACTIVOS FINANCIEROS,82,REINTEGROS PRÉST. SECTOR PÚBL.,82 REINTEGROS PREST. SECTOR PUBL.,821,A LARGO PLAZO,821 A LARGO PLAZO,82109,LA RIOJA 360 AVANZA-ICO FF,82109 LA RIOJA 360 AVANZA-ICO FF,432000
82110,8,ACTIVOS FINANCIEROS,8 ACTIVOS FINANCIEROS,82,REINTEGROS PRÉST. SECTOR PÚBL.,82 REINTEGROS PREST. SECTOR PUBL.,821,A LARGO PLAZO,821 A LARGO PLAZO,82110,UNIVERSIDAD DE LA RIOJA,82110 UNIVERSIDAD DE LA RIOJA,48100
83000,8,ACTIVOS FINANCIEROS,8 ACTIVOS FINANCIEROS,83,REINT.PRÉST. FUERA SECT. PÚBL.,83 REINT.PREST. FUERA SECT. PUBL.,830,A CORTO PLAZO,830 A CORTO PLAZO,83000,REINT.ANTICIP. PERSONAL C.A.R.,83000 REINT.ANTICIP. PERSONAL C.A.R.,1000
83100,8,ACTIVOS FINANCIEROS,8 ACTIVOS FINANCIEROS,83,REINT.PRÉST. FUERA SECT. PÚBL.,83 REINT.PREST. FUERA SECT. PUBL.,831,A LARGO PLAZO,831 A LARGO PLAZO,83100,REINTEGRO ANTICIPOS LARGO PLAZ,83100 REINTEGRO ANTICIPOS LARGO PLAZ,100
83131,8,ACTIVOS FINANCIEROS,8 ACTIVOS FINANCIEROS,83,REINT.PRÉST. FUERA SECT. PÚBL.,83 REINT.PREST. FUERA SECT. PUBL.,831,A LARGO PLAZO,831 A LARGO PLAZO,83131,AMPLICACIÓN REGADÍO ALDEANUEVA,83131 AMPLICACION REGADIO ALDEANUEVA,28300
83132,8,ACTIVOS FINANCIEROS,8 ACTIVOS FINANCIEROS,83,REINT.PRÉST. FUERA SECT. PÚBL.,83 REINT.PREST. FUERA SECT. PUBL.,831,A LARGO PLAZO,831 A LARGO PLAZO,83132,BALSA PARA RIEGO SANTURDEJO,83132 BALSA PARA RIEGO SANTURDEJO,26400
86000,8,ACTIVOS FINANCIEROS,8 ACTIVOS FINANCIEROS,86,REMUNERACIÓN PRÉST. Y CRÉDITOS,86 REMUNERACION PREST. Y CREDITOS,860,RECUP. RIESGOS ASUMIDOS AVALES,860 RECUP. RIESGOS ASUMIDOS AVALES,86000,RECUP. RIESGOS ASUMIDOS AVALES,86000 RECUP. RIESGOS ASUMIDOS AVALES,1000
91200,9,PASIVOS FINANCIEROS,9 PASIVOS FINANCIEROS,91,PRÉST.RECIB.EN MONEDA NACIONAL,91 PREST.RECIB.EN MONEDA NACIONAL,912,A LARGO PLAZO ENTES SECTOR PUB,912 A LARGO PLAZO ENTES SECTOR PUB,91200,"RDL 17/2014 APARTAD. A,B,C Y D","91200 RDL 17/2014 APARTAD. A,B,C Y D",289483400
91202,9,PASIVOS FINANCIEROS,9 PASIVOS FINANCIEROS,91,PRÉST.RECIB.EN MONEDA NACIONAL,91 PREST.RECIB.EN MONEDA NACIONAL,912,A LARGO PLAZO ENTES SECTOR PUB,912 A LARGO PLAZO ENTES SECTOR PUB,91202,RDL 17/2014 AP. E DEFICIT 2022,91202 RDL 17/2014 AP. E DEFICIT 2022,56110000
91203,9,PASIVOS FINANCIEROS,9 PASIVOS FINANCIEROS,91,PRÉST.RECIB.EN MONEDA NACIONAL,91 PREST.RECIB.EN MONEDA NACIONAL,912,A LARGO PLAZO ENTES SECTOR PUB,912 A LARGO PLAZO ENTES SECTOR PUB,91203,RDL 17/2014 AP. F LIQ. NEG.,91203 RDL 17/2014 AP. F LIQ. NEG.,9900000
91204,9,PASIVOS FINANCIEROS,9 PASIVOS FINANCIEROS,91,PRÉST.RECIB.EN MONEDA NACIONAL,91 PREST.RECIB.EN MONEDA NACIONAL,912,A LARGO PLAZO ENTES SECTOR PUB,912 A LARGO PLAZO ENTES SECTOR PUB,91204,FONDO LIQUIDEZ REACT. U.E.,91204 FONDO LIQUIDEZ REACT. U.E.,41000000
91300,9,PASIVOS FINANCIEROS,9 PASIVOS FINANCIEROS,91,PRÉST.RECIB.EN MONEDA NACIONAL,91 PREST.RECIB.EN MONEDA NACIONAL,913,A LARGO PLAZO ENTES FUERA SECT,913 A LARGO PLAZO ENTES FUERA SECT,91300,FINANCIACIÓN GENERAL,91300 FINANCIACION GENERAL,117765008
