EJERCICIO;ID_CAPITULO;DESC_CAPITULO;ID_ARTICULO;DESC_ARTICULO;ID_CONCEPTO;DESC_CONCEPTO;ID_SUBCONCEPTO;DESC_SUBCONCEPTO;PPTO_INICIAL;MODIFICACION;PPTO_DEFINITIVO;DERECHOS_RECONOCIDOS_NETOS;RECAUDACION_NETA
2019;1;Impuestos Directos;1-0;Sobre La Renta;1-0-0;Compensación Impuesto Actividades Económicas;1-0-0-;; 800000,0; 0,0; 800000,0; 724348,27; 724348,27
2019;1;Impuestos Directos;1-0;Sobre La Renta;1-0-1;Recargo Sobre Actividades Economicas;1-0-1-;; 1500000,0; 0,0; 1500000,0; 1294717,74; 1278537,73
2019;1;Impuestos Directos;1-0;Sobre La Renta;1-0-2;Tramo Autonomico Del I.R.P.F.;1-0-2-;; 263705480,0; 30000000,0; 293705480,0; 317321533,62; 317321533,62
2019;1;Impuestos Directos;1-1;Sobre El Capital;1-1-0;Impuesto Sobre Sucesiones Y Donaciones;1-1-0-01;Impuesto Sobre Sucesiones; 15000000,0; 0,0; 15000000,0; 15890648,83; 15305295,34
2019;1;Impuestos Directos;1-1;Sobre El Capital;1-1-0;Impuesto Sobre Sucesiones Y Donaciones;1-1-0-02;Impuesto Sobre Donaciones; 3000000,0; 0,0; 3000000,0; 1387256,95; 939874,93
2019;1;Impuestos Directos;1-1;Sobre El Capital;1-1-1;Impuesto Sobre El Patrimonio;1-1-1-;; 8000000,0; 0,0; 8000000,0; 4083658,33; 4067031,04
2019;1;Impuestos Directos;1-1;Sobre El Capital;1-1-3;Impuesto Sobre Los Depositos En Las Entidades De Crédito;1-1-3-;; 4000000,0; 0,0; 4000000,0; 2583135,01; 2583135,01
2019;2;Impuestos Indirectos;2-0;Sobre Transmisiones Patrimoniales Y Actos Juridicos Documentados;2-0-0;Sobre Transmisiones Patrimoniales Y Actos Juridicos Documentados;2-0-0-01;Sobre Transmisiones Patrimoniales; 28000000,0; 0,0; 28000000,0; 32872550,6; 32590071,17
2019;2;Impuestos Indirectos;2-0;Sobre Transmisiones Patrimoniales Y Actos Juridicos Documentados;2-0-0;Sobre Transmisiones Patrimoniales Y Actos Juridicos Documentados;2-0-0-02;Sobre Actos Juridicos Documentados; 12000000,0; 0,0; 12000000,0; 10479867,57; 10233925,53
2019;2;Impuestos Indirectos;2-1;Tributos Sobre El Juego;2-1-0;Tributos Sobre El Juego;2-1-0-;; 9000000,0; 0,0; 9000000,0; 9556851,02; 9527351,02
2019;2;Impuestos Indirectos;2-2;Canones;2-2-0;Canon De Saneamiento Y Depuracion;2-2-0-;; 11138000,0; 0,0; 11138000,0; 10541435,58; 10206920,92
2019;2;Impuestos Indirectos;2-3;Sobre El Valor Añadido;2-3-0;Impuesto Sobre El Valor Añadido;2-3-0-01;Sobre Operaciones Interiores; 260575140,0; 0,0; 260575140,0; 260652260,9; 260652260,9
2019;2;Impuestos Indirectos;2-4;Sobre Consumos Específicos;2-4-0;Impuestos Especiales;2-4-0-00;Impuesto Sobre El Alcohol Y Bebidas Derivadas; 3862530,0; 0,0; 3862530,0; 3248673,47; 3248673,47
2019;2;Impuestos Indirectos;2-4;Sobre Consumos Específicos;2-4-0;Impuestos Especiales;2-4-0-01;Impuesto Sobre Productos Intermedios; 110210,0; 0,0; 110210,0; 83981,83; 83981,83
2019;2;Impuestos Indirectos;2-4;Sobre Consumos Específicos;2-4-0;Impuestos Especiales;2-4-0-02;Impuesto Sobre La Cerveza; 1329530,0; 0,0; 1329530,0; 1318685,26; 1318685,26
2019;2;Impuestos Indirectos;2-4;Sobre Consumos Específicos;2-4-0;Impuestos Especiales;2-4-0-03;Impuesto Sobre Las Labores Del Tabaco; 30393400,0; 0,0; 30393400,0; 27569506,65; 27569506,65
2019;2;Impuestos Indirectos;2-4;Sobre Consumos Específicos;2-4-0;Impuestos Especiales;2-4-0-04;Impuesto Sobre Hidrocarburos; 64430420,0; 5315300,0; 69745720,0; 112540970,09; 112540970,09
2019;2;Impuestos Indirectos;2-4;Sobre Consumos Específicos;2-4-0;Impuestos Especiales;2-4-0-05;Impuesto Sobre La Electricidad; 9767810,0; 0,0; 9767810,0; 7730185,27; 7730185,27
2019;2;Impuestos Indirectos;2-8;Otros Impuestos Indirectos;2-8-0;Sobre Determinados Medios De Transporte;2-8-0-;; 3000000,0; 0,0; 3000000,0; 3031750,17; 3031750,17
2019;2;Impuestos Indirectos;2-8;Otros Impuestos Indirectos;2-8-2;Impuestos Medioambientales;2-8-2-01;Sobre Eliminacion De Residuos En Vertederos; 400000,0; 0,0; 400000,0; 459943,28; 459943,28
2019;2;Impuestos Indirectos;2-8;Otros Impuestos Indirectos;2-8-2;Impuestos Medioambientales;2-8-2-02;Impuesto Sobre El Impacto Visual Elementos Suministro Energia Electrica; 2400000,0; 0,0; 2400000,0; 2162252,75; 2162252,75
2019;3;Tasas Y Otros Ingresos;3-0;Venta De Bienes;3-0-0;Venta De Publicaciones Propias;3-0-0-01;Venta Del Boletin Oficial Del Parlamento; 500,0; 0,0; 500,0; 0,0; 0,0
2019;3;Tasas Y Otros Ingresos;3-0;Venta De Bienes;3-0-0;Venta De Publicaciones Propias;3-0-0-02;Venta De Publicaciones Del Instituto De Estudios Riojanos; 35000,0; 0,0; 35000,0; 36247,89; 36247,89
2019;3;Tasas Y Otros Ingresos;3-0;Venta De Bienes;3-0-0;Venta De Publicaciones Propias;3-0-0-03;Venta De Publicaciones De Desarrollo Economico E Innovacion; 300,0; 0,0; 300,0; 0,0; 0,0
2019;3;Tasas Y Otros Ingresos;3-0;Venta De Bienes;3-0-0;Venta De Publicaciones Propias;3-0-0-04;Venta De Publicaciones De Agricultura, Ganadería Y Medio Ambiente; 500,0; 0,0; 500,0; 0,0; 0,0
2019;3;Tasas Y Otros Ingresos;3-0;Venta De Bienes;3-0-0;Venta De Publicaciones Propias;3-0-0-05;Venta De Publicaciones De Salud; 1000,0; 0,0; 1000,0; 0,0; 0,0
2019;3;Tasas Y Otros Ingresos;3-0;Venta De Bienes;3-0-0;Venta De Publicaciones Propias;3-0-0-06;Venta De Impresos; 1000,0; 0,0; 1000,0; 0,0; 0,0
2019;3;Tasas Y Otros Ingresos;3-0;Venta De Bienes;3-0-0;Venta De Publicaciones Propias;3-0-0-99;Venta De Otras Publicaciones; 1000,0; 0,0; 1000,0; 412,25; 412,25
2019;3;Tasas Y Otros Ingresos;3-0;Venta De Bienes;3-0-4;Venta De Productos Agropecuarios;3-0-4-00;Venta De Plantas Y Semillas De Viveros; 168000,0; 0,0; 168000,0; 130863,24; 130863,24
2019;3;Tasas Y Otros Ingresos;3-0;Venta De Bienes;3-0-4;Venta De Productos Agropecuarios;3-0-4-01;Explotaciones Agrarias; 375000,0; 0,0; 375000,0; 131268,01; 131268,01
2019;3;Tasas Y Otros Ingresos;3-0;Venta De Bienes;3-0-5;Venta De Material De Deshecho;3-0-5-;; 500,0; 0,0; 500,0; 0,0; 0,0
2019;3;Tasas Y Otros Ingresos;3-0;Venta De Bienes;3-0-9;Venta De Otros Bienes;3-0-9-01;Venta De Cartones De Bingo; 45000,0; 0,0; 45000,0; 0,0; 0,0
2019;3;Tasas Y Otros Ingresos;3-0;Venta De Bienes;3-0-9;Venta De Otros Bienes;3-0-9-06;Venta De Catalogos; 1000,0; 0,0; 1000,0; 6,3; 6,3
2019;3;Tasas Y Otros Ingresos;3-0;Venta De Bienes;3-0-9;Venta De Otros Bienes;3-0-9-08;Venta Objetos Publicitarios; 1000,0; 0,0; 1000,0; 1395,39; 1395,39
2019;3;Tasas Y Otros Ingresos;3-0;Venta De Bienes;3-0-9;Venta De Otros Bienes;3-0-9-09;Venta De Chatarra; 4000,0; 0,0; 4000,0; 0,0; 0,0
2019;3;Tasas Y Otros Ingresos;3-1;Prestacion De Servicios;3-1-0;Servicios Sanitarios;3-1-0-01;Centro Asistencial De Albelda De Iregua; 550000,0; 0,0; 550000,0; 596954,83; 596954,83
2019;3;Tasas Y Otros Ingresos;3-1;Prestacion De Servicios;3-1-0;Servicios Sanitarios;3-1-0-03;Derechos Matrícula Cursos Y Seminarios; 330000,0; 0,0; 330000,0; 340796,46; 340796,46
2019;3;Tasas Y Otros Ingresos;3-1;Prestacion De Servicios;3-1-1;Politicas Sociales, Familia, Igualdad Y Justicia;3-1-1-02;Residencia De Personas Mayores De Calahorra; 915000,0; 0,0; 915000,0; 976340,69; 976340,69
2019;3;Tasas Y Otros Ingresos;3-1;Prestacion De Servicios;3-1-1;Politicas Sociales, Familia, Igualdad Y Justicia;3-1-1-04;Residencia De Personas Mayores De Lardero; 1155000,0; 0,0; 1155000,0; 957414,54; 957414,54
2019;3;Tasas Y Otros Ingresos;3-1;Prestacion De Servicios;3-1-1;Politicas Sociales, Familia, Igualdad Y Justicia;3-1-1-06;Hogares De Tercera Edad; 325000,0; 0,0; 325000,0; 365466,53; 365466,53
2019;3;Tasas Y Otros Ingresos;3-1;Prestacion De Servicios;3-1-1;Politicas Sociales, Familia, Igualdad Y Justicia;3-1-1-07;Estancias Residencia Santa Lucia De Fuenmayor; 670000,0; 0,0; 670000,0; 796174,8; 796174,8
2019;3;Tasas Y Otros Ingresos;3-1;Prestacion De Servicios;3-1-1;Politicas Sociales, Familia, Igualdad Y Justicia;3-1-1-09;Centros Concertados, Ancianos Discapacitados Y Otros; 700000,0; 0,0; 700000,0; 1886878,7; 817836,1
2019;3;Tasas Y Otros Ingresos;3-1;Prestacion De Servicios;3-1-1;Politicas Sociales, Familia, Igualdad Y Justicia;3-1-1-10;Centros De Dia. Servicio De Personas Mayores; 1466000,0; 0,0; 1466000,0; 990583,41; 986726,17
2019;3;Tasas Y Otros Ingresos;3-1;Prestacion De Servicios;3-1-1;Politicas Sociales, Familia, Igualdad Y Justicia;3-1-1-11;Plazas Concertadas De Personas Mayores; 5000000,0; 0,0; 5000000,0; 0,0; 0,0
2019;3;Tasas Y Otros Ingresos;3-1;Prestacion De Servicios;3-1-1;Politicas Sociales, Familia, Igualdad Y Justicia;3-1-1-12;Plazas Concertadas De Personas Con Discapacidad; 1000000,0; 0,0; 1000000,0; 0,0; 0,0
2019;3;Tasas Y Otros Ingresos;3-1;Prestacion De Servicios;3-1-1;Politicas Sociales, Familia, Igualdad Y Justicia;3-1-1-15;Tarjeta Lector Museo, Biblioteca Y Archivo; 1000,0; 0,0; 1000,0; 78,0; 78,0
2019;3;Tasas Y Otros Ingresos;3-1;Prestacion De Servicios;3-1-1;Politicas Sociales, Familia, Igualdad Y Justicia;3-1-1-16;Venta Entradas Filmoteca Rafael Azcona; 18000,0; 0,0; 18000,0; 21263,0; 21263,0
2019;3;Tasas Y Otros Ingresos;3-1;Prestacion De Servicios;3-1-1;Politicas Sociales, Familia, Igualdad Y Justicia;3-1-1-18;Actividades Didacticas Organizadas Por Los Museos De La Rioja; 7000,0; 0,0; 7000,0; 7557,81; 7557,81
2019;3;Tasas Y Otros Ingresos;3-1;Prestacion De Servicios;3-1-1;Politicas Sociales, Familia, Igualdad Y Justicia;3-1-1-19;Instalaciones Deportivas; 35000,0; 0,0; 35000,0; 69868,72; 69868,72
2019;3;Tasas Y Otros Ingresos;3-1;Prestacion De Servicios;3-1-1;Politicas Sociales, Familia, Igualdad Y Justicia;3-1-1-20;Campamentos E Intercambios; 45000,0; 0,0; 45000,0; 34281,26; 34281,26
2019;3;Tasas Y Otros Ingresos;3-1;Prestacion De Servicios;3-1-1;Politicas Sociales, Familia, Igualdad Y Justicia;3-1-1-21;Centros De Informacion Juveniles; 4000,0; 0,0; 4000,0; 1577,0; 1577,0
2019;3;Tasas Y Otros Ingresos;3-1;Prestacion De Servicios;3-1-1;Politicas Sociales, Familia, Igualdad Y Justicia;3-1-1-22;Gestion Red De Albergues Juveniles; 22000,0; 0,0; 22000,0; 0,0; 0,0
2019;3;Tasas Y Otros Ingresos;3-1;Prestacion De Servicios;3-1-1;Politicas Sociales, Familia, Igualdad Y Justicia;3-1-1-23;Cursos De Formacion Juvenil; 4000,0; 0,0; 4000,0; 1600,0; 1600,0
2019;3;Tasas Y Otros Ingresos;3-1;Prestacion De Servicios;3-1-1;Politicas Sociales, Familia, Igualdad Y Justicia;3-1-1-24;Juegos Deportivos De La Rioja; 140000,0; 0,0; 140000,0; 153201,37; 153201,37
2019;3;Tasas Y Otros Ingresos;3-1;Prestacion De Servicios;3-1-4;De La Consejeria De Administracion Pública Y Hacienda;3-1-4-01;Recinto Ferial De Albelda De Iregua; 2700,0; 0,0; 2700,0; 0,0; 0,0
2019;3;Tasas Y Otros Ingresos;3-1;Prestacion De Servicios;3-1-4;De La Consejeria De Administracion Pública Y Hacienda;3-1-4-02;Realizacion De Servicios Informaticos; 40000,0; 0,0; 40000,0; 0,0; 0,0
2019;3;Tasas Y Otros Ingresos;3-1;Prestacion De Servicios;3-1-5;De La Consejería De Educación, Formacion Y Empleo;3-1-5-03;Escuelas Infantiles De Primer Ciclo; 1000000,0; 0,0; 1000000,0; 850515,92; 850515,92
2019;3;Tasas Y Otros Ingresos;3-1;Prestacion De Servicios;3-1-7;De La Consejería De Agricultura, Ganaderia Y Medio Ambiente;3-1-7-00;Anuncios Publicitarios; 1000,0; 0,0; 1000,0; 0,0; 0,0
2019;3;Tasas Y Otros Ingresos;3-1;Prestacion De Servicios;3-1-7;De La Consejería De Agricultura, Ganaderia Y Medio Ambiente;3-1-7-01;Servicio Analitico Del Laboratorio Regional; 110000,0; 0,0; 110000,0; 80048,6; 80048,6
2019;3;Tasas Y Otros Ingresos;3-1;Prestacion De Servicios;3-1-7;De La Consejería De Agricultura, Ganaderia Y Medio Ambiente;3-1-7-03;Prestacion Servicios Analiticos De La Estacion Enologica De Haro; 490000,0; 0,0; 490000,0; 467928,48; 467928,48
2019;3;Tasas Y Otros Ingresos;3-1;Prestacion De Servicios;3-1-9;Prestacion De Otros Servicios;3-1-9-00;Telefono Publico; 500,0; 0,0; 500,0; 0,0; 0,0
2019;3;Tasas Y Otros Ingresos;3-1;Prestacion De Servicios;3-1-9;Prestacion De Otros Servicios;3-1-9-02;Emision De Tarjetas De Tacografo Digital; 50000,0; 0,0; 50000,0; 0,0; 0,0
2019;3;Tasas Y Otros Ingresos;3-1;Prestacion De Servicios;3-1-9;Prestacion De Otros Servicios;3-1-9-03;Venta De Carnet De Transporte Estudiantes; 3500,0; 0,0; 3500,0; 0,0; 0,0
2019;3;Tasas Y Otros Ingresos;3-1;Prestacion De Servicios;3-1-9;Prestacion De Otros Servicios;3-1-9-04;Servicio Estacionamiento Y Aparcamiento Hospital San Pedro; 7000,0; 0,0; 7000,0; 6796,96; 6796,96
2019;3;Tasas Y Otros Ingresos;3-1;Prestacion De Servicios;3-1-9;Prestacion De Otros Servicios;3-1-9-05;Servicio Pericial Ins Medicina Legal Reclamaciones Circulacion Vehiculos A Motor; 0,0; 0,0; 0,0; 6386,7; 6386,7
2019;3;Tasas Y Otros Ingresos;3-1;Prestacion De Servicios;3-1-9;Prestacion De Otros Servicios;3-1-9-99;Otros; 0,0; 0,0; 0,0; 8331,06; 8331,06
2019;3;Tasas Y Otros Ingresos;3-2;Tasas De La Comunidad Autonoma De La Rioja;3-2-1;Agricultura, Ganadería Y Medio Ambiente;3-2-1-00;Tasa 05.01. Prestacion De Servicios De Caracter General; 900,0; 0,0; 900,0; 2100,1; 2100,1
2019;3;Tasas Y Otros Ingresos;3-2;Tasas De La Comunidad Autonoma De La Rioja;3-2-1;Agricultura, Ganadería Y Medio Ambiente;3-2-1-01;Tasa 05.02. Direccion E Inspeccion Obras Por Contrato; 1000,0; 0,0; 1000,0; 0,0; 0,0
2019;3;Tasas Y Otros Ingresos;3-2;Tasas De La Comunidad Autonoma De La Rioja;3-2-1;Agricultura, Ganadería Y Medio Ambiente;3-2-1-21;Tasa 05.21 Certificacion Y Control Dop Aceite De La Rioja; 18000,0; 0,0; 18000,0; 18745,75; 18745,75
2019;3;Tasas Y Otros Ingresos;3-2;Tasas De La Comunidad Autonoma De La Rioja;3-2-1;Agricultura, Ganadería Y Medio Ambiente;3-2-1-22;Tasa 05.22 Certificacion Y Control  Produccion Agraria Ecologica; 50000,0; 0,0; 50000,0; 76560,0; 76560,0
2019;3;Tasas Y Otros Ingresos;3-2;Tasas De La Comunidad Autonoma De La Rioja;3-2-1;Agricultura, Ganadería Y Medio Ambiente;3-2-1-23;Tasa 05.23 Certificacion Y Control Dop Peras De Rincon De Soto; 18000,0; 0,0; 18000,0; 19100,85; 19100,85
2019;3;Tasas Y Otros Ingresos;3-2;Tasas De La Comunidad Autonoma De La Rioja;3-2-1;Agricultura, Ganadería Y Medio Ambiente;3-2-1-24;Tasa 05.24 Certificacion Y Control Igp Chorizo Riojano; 4000,0; 0,0; 4000,0; 3647,61; 3647,61
2019;3;Tasas Y Otros Ingresos;3-2;Tasas De La Comunidad Autonoma De La Rioja;3-2-1;Agricultura, Ganadería Y Medio Ambiente;3-2-1-25;Tasa 05.25 Certificacion Y Control Igp Pimiento Riojano; 3000,0; 0,0; 3000,0; 0,0; 0,0
2019;3;Tasas Y Otros Ingresos;3-2;Tasas De La Comunidad Autonoma De La Rioja;3-2-1;Agricultura, Ganadería Y Medio Ambiente;3-2-1-26;Tasa 05.26 Certificacion Y Control Dop Queso Camerano; 2300,0; 0,0; 2300,0; 3637,9; 3637,9
2019;3;Tasas Y Otros Ingresos;3-2;Tasas De La Comunidad Autonoma De La Rioja;3-2-1;Agricultura, Ganadería Y Medio Ambiente;3-2-1-27;Tasa 05.27 Certificacion Y Control Igp Coliflor De Calahorra; 2000,0; 0,0; 2000,0; 1076,51; 1076,51
2019;3;Tasas Y Otros Ingresos;3-2;Tasas De La Comunidad Autonoma De La Rioja;3-2-1;Agricultura, Ganadería Y Medio Ambiente;3-2-1-28;Tasa 05.28 Certificacion Y Control Igp Valles De Sadacia; 0,0; 0,0; 0,0; 11638,72; 11638,72
2019;3;Tasas Y Otros Ingresos;3-2;Tasas De La Comunidad Autonoma De La Rioja;3-2-2;Salud;3-2-2-00;Tasa 06.01 Prestacion De Servicios Caracter General; 500,0; 0,0; 500,0; 0,0; 0,0
2019;3;Tasas Y Otros Ingresos;3-2;Tasas De La Comunidad Autonoma De La Rioja;3-2-2;Salud;3-2-2-01;Tasa 06.02 Direccion E Inspeccion Obras Por Contrato; 1000,0; 0,0; 1000,0; 0,0; 0,0
2019;3;Tasas Y Otros Ingresos;3-2;Tasas De La Comunidad Autonoma De La Rioja;3-2-2;Salud;3-2-2-99;Tasa 06.100 Inscripcion En Procesos De Seleccion De Personal; 50000,0; 0,0; 50000,0; 0,0; 0,0
2019;3;Tasas Y Otros Ingresos;3-2;Tasas De La Comunidad Autonoma De La Rioja;3-2-4;Educación, Formacion Y Empleo;3-2-4-00;Tasa 08.01 Prestacion De Servicios Caracter General; 1000,0; 0,0; 1000,0; 892,99; 892,99
2019;3;Tasas Y Otros Ingresos;3-2;Tasas De La Comunidad Autonoma De La Rioja;3-2-4;Educación, Formacion Y Empleo;3-2-4-01;Tasa 08.02 Direccion E Inspeccion Obras Por Contrato; 262000,0; 0,0; 262000,0; 0,0; 0,0
2019;3;Tasas Y Otros Ingresos;3-2;Tasas De La Comunidad Autonoma De La Rioja;3-2-4;Educación, Formacion Y Empleo;3-2-4-08;Tasa 08.08. Inscripción Pruebas Libres Obtención Título Bach. Mayores 20 Años; 400,0; 0,0; 400,0; 390,0; 390,0
2019;3;Tasas Y Otros Ingresos;3-2;Tasas De La Comunidad Autonoma De La Rioja;3-2-4;Educación, Formacion Y Empleo;3-2-4-09;Tasa 08.09. Inscripción Pruebas Acceso Ciclos Formativos Grado Medio Y Superior; 6800,0; 0,0; 6800,0; 5500,0; 5500,0
2019;3;Tasas Y Otros Ingresos;3-2;Tasas De La Comunidad Autonoma De La Rioja;3-2-4;Educación, Formacion Y Empleo;3-2-4-13;Tasa 08.13 Inscripcion Pruebas Certificados De Profesionalidad Niveles 2 Y 3; 700,0; 0,0; 700,0; 155,0; 155,0
2019;3;Tasas Y Otros Ingresos;3-2;Tasas De La Comunidad Autonoma De La Rioja;3-2-4;Educación, Formacion Y Empleo;3-2-4-14;Tasa 08.14.Inscripcion Pruebas Obtencion Titulos Tecnico Y Tec. Sup. Form. Prof.; 6000,0; 0,0; 6000,0;-164,2;-164,2
2019;3;Tasas Y Otros Ingresos;3-2;Tasas De La Comunidad Autonoma De La Rioja;3-2-4;Educación, Formacion Y Empleo;3-2-4-99;Tasa 08.100. Inscripción En Procesos De Selección De Personal; 85000,0; 0,0; 85000,0; 0,0; 0,0
2019;3;Tasas Y Otros Ingresos;3-2;Tasas De La Comunidad Autonoma De La Rioja;3-2-5;Fomento Y Politica Territorial;3-2-5-00;Tasa 09.01 Prestacion De Servicios De Caracter General; 3200,0; 0,0; 3200,0; 312,13; 312,13
2019;3;Tasas Y Otros Ingresos;3-2;Tasas De La Comunidad Autonoma De La Rioja;3-2-5;Fomento Y Politica Territorial;3-2-5-01;Tasa 09.02 Direccion E Inspeccion Obras Por Contrato; 505000,0; 0,0; 505000,0; 695154,7; 695154,7
2019;3;Tasas Y Otros Ingresos;3-2;Tasas De La Comunidad Autonoma De La Rioja;3-2-5;Fomento Y Politica Territorial;3-2-5-24;Tasa 09.24 Prestación Del Servicio De Transporte De Agua Potable; 1000,0; 0,0; 1000,0; 0,0; 0,0
2019;3;Tasas Y Otros Ingresos;3-2;Tasas De La Comunidad Autonoma De La Rioja;3-2-6;Politicas Sociales, Familia, Igualdad Y Justicia;3-2-6-08;Tasa 20.08. Inscripcion En Registro De Parejas De Hecho De La Rioja; 4200,0; 0,0; 4200,0; 4726,97; 4726,97
2019;3;Tasas Y Otros Ingresos;3-2;Tasas De La Comunidad Autonoma De La Rioja;3-2-7;Administracion Publica Y Hacienda;3-2-7-00;Tasa 12.01 Prestacion De Servicios De Caracter General; 6000,0; 0,0; 6000,0; 3029,79; 3029,79
2019;3;Tasas Y Otros Ingresos;3-2;Tasas De La Comunidad Autonoma De La Rioja;3-2-7;Administracion Publica Y Hacienda;3-2-7-05;Tasa 12.08. Prestacion Servicios En Materia De Comunicacion Audiovisual; 200,0; 0,0; 200,0; 0,0; 0,0
2019;3;Tasas Y Otros Ingresos;3-2;Tasas De La Comunidad Autonoma De La Rioja;3-2-7;Administracion Publica Y Hacienda;3-2-7-06;Tasa 12.09. Utilizacion Centros Telecomunicaciones; 51000,0; 0,0; 51000,0; 52687,26; 52687,26
2019;3;Tasas Y Otros Ingresos;3-2;Tasas De La Comunidad Autonoma De La Rioja;3-2-7;Administracion Publica Y Hacienda;3-2-7-99;Tasa 12.100 Inscripción En Procesos De Selección De Personal; 100000,0; 0,0; 100000,0; 241600,06; 241600,06
2019;3;Tasas Y Otros Ingresos;3-2;Tasas De La Comunidad Autonoma De La Rioja;3-2-9;Desarrollo Economico E Innovacion;3-2-9-00;Tasa 19.01 Prestacion De Servicios De Caracter General; 6400,0; 0,0; 6400,0; 3389,78; 3389,78
2019;3;Tasas Y Otros Ingresos;3-2;Tasas De La Comunidad Autonoma De La Rioja;3-2-9;Desarrollo Economico E Innovacion;3-2-9-01;Tasa 19.02 Direccion E Inspeccion De Obras Por Contrato; 1000,0; 0,0; 1000,0; 0,0; 0,0
2019;3;Tasas Y Otros Ingresos;3-2;Tasas De La Comunidad Autonoma De La Rioja;3-2-9;Desarrollo Economico E Innovacion;3-2-9-12;Tasa 19.12. Tramitación Certificados Eficiencia Energética De Edificios; 70000,0; 0,0; 70000,0; 66960,88; 66960,88
2019;3;Tasas Y Otros Ingresos;3-2;Tasas De La Comunidad Autonoma De La Rioja;3-2-9;Desarrollo Economico E Innovacion;3-2-9-16;Tasa 19.16 Limpieza Y Desinfeccion Embarcaciones De Recreo En Gonzalez Lacasa; 100,0; 0,0; 100,0; 0,0; 0,0
2019;3;Tasas Y Otros Ingresos;3-3;Tasas Afectadas En Decretos De Transferencias;3-3-1;Agricultura, Ganadería Y Medio Ambiente;3-3-1-04;Tasa 05.04 Prestac. Serv. Relacionados Con Producción Agrícola; 35000,0; 0,0; 35000,0; 47450,68; 47450,68
2019;3;Tasas Y Otros Ingresos;3-3;Tasas Afectadas En Decretos De Transferencias;3-3-1;Agricultura, Ganadería Y Medio Ambiente;3-3-1-05;Tasa 05.05 Ordenacion Y Defensa Industrias Agrarias; 7000,0; 0,0; 7000,0; 11063,59; 11063,59
2019;3;Tasas Y Otros Ingresos;3-3;Tasas Afectadas En Decretos De Transferencias;3-3-1;Agricultura, Ganadería Y Medio Ambiente;3-3-1-06;Tasa 05.06 Gestion Tecnico-Facultativo Servicios Agronomicos; 148000,0; 0,0; 148000,0; 106447,84; 106447,84
2019;3;Tasas Y Otros Ingresos;3-3;Tasas Afectadas En Decretos De Transferencias;3-3-1;Agricultura, Ganadería Y Medio Ambiente;3-3-1-07;Tasa 05.07 Servicios Facultativos Veterinarios; 45000,0; 0,0; 45000,0; 54007,19; 54007,19
2019;3;Tasas Y Otros Ingresos;3-3;Tasas Afectadas En Decretos De Transferencias;3-3-1;Agricultura, Ganadería Y Medio Ambiente;3-3-1-10;Tasa 05.10 Asistencia Serv. Veterinario Oficial A Ferias; 2600,0; 0,0; 2600,0; 1890,8; 1890,8
2019;3;Tasas Y Otros Ingresos;3-3;Tasas Afectadas En Decretos De Transferencias;3-3-1;Agricultura, Ganadería Y Medio Ambiente;3-3-1-11;Tasa 05.11 Servicios Materia Forestal Y Vias Pecuarias; 185000,0; 0,0; 185000,0; 124720,71; 124720,71
2019;3;Tasas Y Otros Ingresos;3-3;Tasas Afectadas En Decretos De Transferencias;3-3-1;Agricultura, Ganadería Y Medio Ambiente;3-3-1-12;Tasa 05.12 Servicios En Materia De Caza; 370000,0; 0,0; 370000,0; 459648,24; 459648,24
2019;3;Tasas Y Otros Ingresos;3-3;Tasas Afectadas En Decretos De Transferencias;3-3-1;Agricultura, Ganadería Y Medio Ambiente;3-3-1-13;Tasa 05.13 Permisos Caza Terrenos Cinegéticos De La Comunidad Autonoma; 225000,0; 0,0; 225000,0; 214880,69; 214880,69
2019;3;Tasas Y Otros Ingresos;3-3;Tasas Afectadas En Decretos De Transferencias;3-3-1;Agricultura, Ganadería Y Medio Ambiente;3-3-1-14;Tasa 05.14 Servicios En Materia De Pesca; 194000,0; 0,0; 194000,0; 94693,81; 91708,72
2019;3;Tasas Y Otros Ingresos;3-3;Tasas Afectadas En Decretos De Transferencias;3-3-1;Agricultura, Ganadería Y Medio Ambiente;3-3-1-15;Tasa 05.15 Permisos De Pesca En Cotos Fluviales; 42000,0; 0,0; 42000,0; 39548,91; 39548,91
2019;3;Tasas Y Otros Ingresos;3-3;Tasas Afectadas En Decretos De Transferencias;3-3-1;Agricultura, Ganadería Y Medio Ambiente;3-3-1-17;Tasa 05.17 Servicios En Materia De Flora Y Fauna; 8000,0; 0,0; 8000,0; 223,1; 223,1
2019;3;Tasas Y Otros Ingresos;3-3;Tasas Afectadas En Decretos De Transferencias;3-3-1;Agricultura, Ganadería Y Medio Ambiente;3-3-1-18;Tasa 05.18 Ocupación Y Aprovechamiento Vias Pecuarias; 60000,0; 0,0; 60000,0; 109324,71; 109324,71
2019;3;Tasas Y Otros Ingresos;3-3;Tasas Afectadas En Decretos De Transferencias;3-3-1;Agricultura, Ganadería Y Medio Ambiente;3-3-1-19;Tasa 05.19 Servicios Materia Calidad Ambiental; 50000,0; 0,0; 50000,0; 37697,94; 37697,94
2019;3;Tasas Y Otros Ingresos;3-3;Tasas Afectadas En Decretos De Transferencias;3-3-2;Salud;3-3-2-03;Tasa 06.04. Servicios Sanitarios; 162200,0; 0,0; 162200,0; 156920,84; 149913,36
2019;3;Tasas Y Otros Ingresos;3-3;Tasas Afectadas En Decretos De Transferencias;3-3-2;Salud;3-3-2-04;Tasa 06.05 Inspecciones Y Controles Sanitarios De Carnes Frescas; 60000,0; 0,0; 60000,0; 29311,63; 29271,39
2019;3;Tasas Y Otros Ingresos;3-3;Tasas Afectadas En Decretos De Transferencias;3-3-4;Educacion, Formacion Y Empleo;3-3-4-03;Tasa 08.04 Servicios Docentes Escuelas Oficiales De Idiomas Y Conservatorios; 417500,0; 0,0; 417500,0; 565200,0; 564946,89
2019;3;Tasas Y Otros Ingresos;3-3;Tasas Afectadas En Decretos De Transferencias;3-3-4;Educacion, Formacion Y Empleo;3-3-4-04;Tasa 08.05 Expedicion Titulos Academicos Y Profesionales; 160000,0; 0,0; 160000,0; 144842,83; 144842,83
2019;3;Tasas Y Otros Ingresos;3-3;Tasas Afectadas En Decretos De Transferencias;3-3-4;Educacion, Formacion Y Empleo;3-3-4-10;Tasa 08.10 Expedicion Otras Certificaciones Direccion General De Empleo; 500,0; 0,0; 500,0; 0,0; 0,0
2019;3;Tasas Y Otros Ingresos;3-3;Tasas Afectadas En Decretos De Transferencias;3-3-4;Educacion, Formacion Y Empleo;3-3-4-11;Tasa 08.11 Reconocimiento De Competencias Profesionales; 10000,0; 0,0; 10000,0; 0,0; 0,0
2019;3;Tasas Y Otros Ingresos;3-3;Tasas Afectadas En Decretos De Transferencias;3-3-4;Educacion, Formacion Y Empleo;3-3-4-12;Tasa 08.12 Acreditacion Centros De Formacion Para El Empleo; 8500,0; 0,0; 8500,0; 5996,96; 5996,96
2019;3;Tasas Y Otros Ingresos;3-3;Tasas Afectadas En Decretos De Transferencias;3-3-5;Fomento Y Politica Territorial;3-3-5-03;Tasa 09.04 Calificacion De Actuac. Protegidas En Mat.De  Vivienda; 1000,0; 0,0; 1000,0; 0,0; 0,0
2019;3;Tasas Y Otros Ingresos;3-3;Tasas Afectadas En Decretos De Transferencias;3-3-5;Fomento Y Politica Territorial;3-3-5-04;Tasa 09.05 De Cédulas De Habitabilidad; 52000,0; 0,0; 52000,0; 61148,53; 61148,53
2019;3;Tasas Y Otros Ingresos;3-3;Tasas Afectadas En Decretos De Transferencias;3-3-5;Fomento Y Politica Territorial;3-3-5-05;Tasa 09.06 Ordenacion De Transportes Mecánicos Por Carretera; 260000,0; 0,0; 260000,0; 176093,48; 175503,04
2019;3;Tasas Y Otros Ingresos;3-3;Tasas Afectadas En Decretos De Transferencias;3-3-5;Fomento Y Politica Territorial;3-3-5-06;Tasa 09.07 Prestac.Servicio Laborat.Para Control Calidad De Mat.; 64000,0; 0,0; 64000,0; 68482,77; 68482,77
2019;3;Tasas Y Otros Ingresos;3-3;Tasas Afectadas En Decretos De Transferencias;3-3-5;Fomento Y Politica Territorial;3-3-5-07;Tasa 09.08 Ocupacion Y Aprovechamiento De Dominio Público; 60000,0; 0,0; 60000,0; 43521,3; 43521,3
2019;3;Tasas Y Otros Ingresos;3-3;Tasas Afectadas En Decretos De Transferencias;3-3-5;Fomento Y Politica Territorial;3-3-5-08;Tasa 09.09 Informes Y Otras Actuaciones De La Consejería; 15300,0; 0,0; 15300,0; 28863,96; 28863,96
2019;3;Tasas Y Otros Ingresos;3-3;Tasas Afectadas En Decretos De Transferencias;3-3-5;Fomento Y Politica Territorial;3-3-5-09;Tasa 09.10 Acred.Labor.De Ensayos Para Control De Cal.De La Edif.; 500,0; 0,0; 500,0; 0,0; 0,0
2019;3;Tasas Y Otros Ingresos;3-3;Tasas Afectadas En Decretos De Transferencias;3-3-5;Fomento Y Politica Territorial;3-3-5-10;Tasa 09.11 Servicios Ordenacion Teritorio Y Urbanismo; 7000,0; 0,0; 7000,0; 2477,96; 2477,96
2019;3;Tasas Y Otros Ingresos;3-3;Tasas Afectadas En Decretos De Transferencias;3-3-5;Fomento Y Politica Territorial;3-3-5-11;Tasa 09.12 Reproduccion De Documentos; 100,0; 0,0; 100,0; 0,0; 0,0
2019;3;Tasas Y Otros Ingresos;3-3;Tasas Afectadas En Decretos De Transferencias;3-3-5;Fomento Y Politica Territorial;3-3-5-12;Tasa 09.13 Servicios Obras Públicas, Pol. Local Urbanismo Y Minas Expropiacion; 500,0; 0,0; 500,0; 0,0; 0,0
2019;3;Tasas Y Otros Ingresos;3-3;Tasas Afectadas En Decretos De Transferencias;3-3-5;Fomento Y Politica Territorial;3-3-5-13;Tasa 09.14 Tramitacion De Procedimientos Urbanisticos; 18000,0; 0,0; 18000,0; 6045,68; 6045,68
2019;3;Tasas Y Otros Ingresos;3-3;Tasas Afectadas En Decretos De Transferencias;3-3-5;Fomento Y Politica Territorial;3-3-5-14;Tasa 09.15 Autorizaciones Urbanisticas; 8000,0; 0,0; 8000,0; 6860,06; 6860,06
2019;3;Tasas Y Otros Ingresos;3-3;Tasas Afectadas En Decretos De Transferencias;3-3-5;Fomento Y Politica Territorial;3-3-5-15;Tasa 09.16 Inscripción En El Registro De Entid. Urbanist.Colabor.; 200,0; 0,0; 200,0; 20,55; 20,55
2019;3;Tasas Y Otros Ingresos;3-3;Tasas Afectadas En Decretos De Transferencias;3-3-5;Fomento Y Politica Territorial;3-3-5-16;Tasa 09.17 Ordenación De Derechos Mineros; 4000,0; 0,0; 4000,0; 1292,48; 1292,48
2019;3;Tasas Y Otros Ingresos;3-3;Tasas Afectadas En Decretos De Transferencias;3-3-5;Fomento Y Politica Territorial;3-3-5-18;Tasa 09.19 Actuaciones De Gestión De Explotaciones Mineras; 25000,0; 0,0; 25000,0; 25036,21; 25036,21
2019;3;Tasas Y Otros Ingresos;3-3;Tasas Afectadas En Decretos De Transferencias;3-3-5;Fomento Y Politica Territorial;3-3-5-19;Tasa 09.20 Actuaciones Relacionadas Con Los Regis. Públ.De Ind.Extractivas; 100,0; 0,0; 100,0; 0,0; 0,0
2019;3;Tasas Y Otros Ingresos;3-3;Tasas Afectadas En Decretos De Transferencias;3-3-5;Fomento Y Politica Territorial;3-3-5-20;Tasa 09.21 Participación En Exámenes Y Expedición De Acreditaciones; 2000,0; 0,0; 2000,0; 420,77; 420,77
2019;3;Tasas Y Otros Ingresos;3-3;Tasas Afectadas En Decretos De Transferencias;3-3-5;Fomento Y Politica Territorial;3-3-5-23;Tasa 09.25 Informacion Geografica; 100,0; 0,0; 100,0; 0,0; 0,0
2019;3;Tasas Y Otros Ingresos;3-3;Tasas Afectadas En Decretos De Transferencias;3-3-6;Politicas Sociales, Familia, Igualdad Y Justicia;3-3-6-04;Tasa 20.04 Autorizaciones; 7200,0; 0,0; 7200,0; 7247,26; 7247,26
2019;3;Tasas Y Otros Ingresos;3-3;Tasas Afectadas En Decretos De Transferencias;3-3-6;Politicas Sociales, Familia, Igualdad Y Justicia;3-3-6-05;Tasa 20.05 Expedicion Y Homol. Titulos Monitor Y Dir.Tiempo Libre; 1500,0; 0,0; 1500,0; 1097,97; 1097,97
2019;3;Tasas Y Otros Ingresos;3-3;Tasas Afectadas En Decretos De Transferencias;3-3-6;Politicas Sociales, Familia, Igualdad Y Justicia;3-3-6-06;Tasa 20.06 Permisos Acampada Libre De Grupos O Asoc.Juv.En La C.A.R.; 600,0; 0,0; 600,0; 358,2; 358,2
2019;3;Tasas Y Otros Ingresos;3-3;Tasas Afectadas En Decretos De Transferencias;3-3-6;Politicas Sociales, Familia, Igualdad Y Justicia;3-3-6-07;Tasa 20.07 Expedicion De Carnet Joven; 20000,0; 0,0; 20000,0; 19855,45; 19855,45
2019;3;Tasas Y Otros Ingresos;3-3;Tasas Afectadas En Decretos De Transferencias;3-3-7;Administración Pública Y Hacienda;3-3-7-03;Tasa 12.04 Actuac. Administ. En Juegos De Suerte, Envite O Azar; 70000,0; 0,0; 70000,0; 151811,3; 151811,3
2019;3;Tasas Y Otros Ingresos;3-3;Tasas Afectadas En Decretos De Transferencias;3-3-7;Administración Pública Y Hacienda;3-3-7-04;Tasa 12.05 Venta De Impresos Para El Cumplim. De Obligac. Tribut.; 14000,0; 0,0; 14000,0; 8154,5; 8154,5
2019;3;Tasas Y Otros Ingresos;3-3;Tasas Afectadas En Decretos De Transferencias;3-3-7;Administración Pública Y Hacienda;3-3-7-05;Tasa 12.06 Inscrip.Y Certif. Registro Adminis.Especial Mediad.Seguros; 500,0; 0,0; 500,0; 113,6; 113,6
2019;3;Tasas Y Otros Ingresos;3-3;Tasas Afectadas En Decretos De Transferencias;3-3-8;Presidencia, Relaciones Institucionales Y Accion Exterior;3-3-8-03;Tasa 14.04 Del Boletin Oficial De La Rioja; 90000,0; 0,0; 90000,0; 55017,18; 55017,18
2019;3;Tasas Y Otros Ingresos;3-3;Tasas Afectadas En Decretos De Transferencias;3-3-9;Desarrollo Economico E Innovacion;3-3-9-03;Tasa 19.04 De Industria; 205000,0; 0,0; 205000,0; 217252,94; 217092,64
2019;3;Tasas Y Otros Ingresos;3-3;Tasas Afectadas En Decretos De Transferencias;3-3-9;Desarrollo Economico E Innovacion;3-3-9-04;Tasa 19.05 Prestacion Servicios De Itv; 450000,0; 0,0; 450000,0; 657599,59; 657599,59
2019;3;Tasas Y Otros Ingresos;3-3;Tasas Afectadas En Decretos De Transferencias;3-3-9;Desarrollo Economico E Innovacion;3-3-9-05;Tasa 19.06 Tramitacion Administrativa Licencia Comercial Especifica; 100,0; 0,0; 100,0; 0,0; 0,0
2019;3;Tasas Y Otros Ingresos;3-3;Tasas Afectadas En Decretos De Transferencias;3-3-9;Desarrollo Economico E Innovacion;3-3-9-06;Tasa 19.07 Subcontratacion En El Sector De La Construccion; 6000,0; 0,0; 6000,0; 2851,53; 2851,53
2019;3;Tasas Y Otros Ingresos;3-3;Tasas Afectadas En Decretos De Transferencias;3-3-9;Desarrollo Economico E Innovacion;3-3-9-15;Tasa 19.15 Registro Propiedad Intelectual; 4000,0; 0,0; 4000,0; 3101,99; 3101,99
2019;3;Tasas Y Otros Ingresos;3-5;Ingresos Procedentes De Prestaciones De Asistencia Sanitaria;3-5-0;Gestionada Por S.R.S. Para Financiar Sus Gastos Sanitarios;3-5-0-;; 2500000,0; 0,0; 2500000,0; 3909964,58; 3909964,58
2019;3;Tasas Y Otros Ingresos;3-8;Reintegros;3-8-0;De Pagos De Ejercicios Anteriores;3-8-0-;; 2000000,0; 243664,13; 2243664,13; 3435253,29; 1794556,13
2019;3;Tasas Y Otros Ingresos;3-9;Otros Ingresos;3-9-1;Recargos Y Multas;3-9-1-00;Recargos De Apremio; 400000,0; 1978,57; 401978,57; 128396,97; 128396,97
2019;3;Tasas Y Otros Ingresos;3-9;Otros Ingresos;3-9-1;Recargos Y Multas;3-9-1-01;Intereses De Demora; 250000,0; 1117,92; 251117,92; 352391,74; 352295,16
2019;3;Tasas Y Otros Ingresos;3-9;Otros Ingresos;3-9-1;Recargos Y Multas;3-9-1-02;Multas Y Sanciones; 3000000,0; 0,0; 3000000,0; 3705304,39; 2078137,61
2019;3;Tasas Y Otros Ingresos;3-9;Otros Ingresos;3-9-2;Recaudacion De Tributos;3-9-2-;; 3000000,0; 0,0; 3000000,0; 2476979,78; 2476979,78
2019;3;Tasas Y Otros Ingresos;3-9;Otros Ingresos;3-9-3;Indemnizacion Por Ocupacion Temporal De Montes;3-9-3-;; 500,0; 0,0; 500,0; 163,29; 163,29
2019;3;Tasas Y Otros Ingresos;3-9;Otros Ingresos;3-9-4;Participacion En Ingresos De La C.T.N.E.;3-9-4-;; 40000,0; 0,0; 40000,0; 0,0; 0,0
2019;3;Tasas Y Otros Ingresos;3-9;Otros Ingresos;3-9-5;Ingresos De Gestiones Diversas;3-9-5-00;Comisiones Por Concesion De Avales; 1000,0; 0,0; 1000,0; 0,0; 0,0
2019;3;Tasas Y Otros Ingresos;3-9;Otros Ingresos;3-9-5;Ingresos De Gestiones Diversas;3-9-5-02;Primas Canalizacion De Impuestos Y Cuotas A La Seguridad Social; 20000,0; 0,0; 20000,0; 0,0; 0,0
2019;3;Tasas Y Otros Ingresos;3-9;Otros Ingresos;3-9-9;Ingresos Diversos;3-9-9-01;Recursos Eventuales; 1500,0; 0,0; 1500,0; 716,9; 716,9
2019;3;Tasas Y Otros Ingresos;3-9;Otros Ingresos;3-9-9;Ingresos Diversos;3-9-9-02;Costas Judiciales; 50000,0; 0,0; 50000,0; 422451,72; 418651,39
2019;3;Tasas Y Otros Ingresos;3-9;Otros Ingresos;3-9-9;Ingresos Diversos;3-9-9-04;Otras Indemnizaciones; 73000,0; 0,0; 73000,0; 374751,04; 374751,04
2019;3;Tasas Y Otros Ingresos;3-9;Otros Ingresos;3-9-9;Ingresos Diversos;3-9-9-06;Ingresos De Diversas Mutuas De Acc. De Trabajo Y Enf. Prof. De La Seg.Soc.; 40000,0; 0,0; 40000,0; 110957,62; 110957,62
2019;3;Tasas Y Otros Ingresos;3-9;Otros Ingresos;3-9-9;Ingresos Diversos;3-9-9-99;Otros Ingresos Diversos; 368300,0; 0,0; 368300,0; 410064,52; 410064,52
2019;4;Transferencias Corrientes;4-0;De La Administracion Del Estado;4-0-1;De Departamentos Ministeriales;4-0-1-00;Sanidad, Consumo Y Bienestar Social; 1466500,0; 0,0; 1466500,0; 3848924,5; 3593088,93
2019;4;Transferencias Corrientes;4-0;De La Administracion Del Estado;4-0-1;De Departamentos Ministeriales;4-0-1-01;Agricultura, Pesca Y Alimentación; 800000,0; 0,0; 800000,0; 847,13; 847,13
2019;4;Transferencias Corrientes;4-0;De La Administracion Del Estado;4-0-1;De Departamentos Ministeriales;4-0-1-04;Educacion Y Formacion Profesional; 2278800,0; 0,0; 2278800,0; 2208950,2; 2208950,2
2019;4;Transferencias Corrientes;4-0;De La Administracion Del Estado;4-0-2;Participacion Ingresos Del Estado;4-0-2-04;Transferencia Del Fondo De Garantia; 60348610,0; 0,0; 60348610,0; 31555478,72; 31555478,72
2019;4;Transferencias Corrientes;4-0;De La Administracion Del Estado;4-0-2;Participacion Ingresos Del Estado;4-0-2-06;Compensación I.A.E.; 0,0; 0,0; 0,0; 0,0; 0,0
2019;4;Transferencias Corrientes;4-0;De La Administracion Del Estado;4-0-2;Participacion Ingresos Del Estado;4-0-2-07;Fondo De Suficiencia Global; 184680980,0; 0,0; 184680980,0; 203920385,2; 203920385,2
2019;4;Transferencias Corrientes;4-0;De La Administracion Del Estado;4-0-2;Participacion Ingresos Del Estado;4-0-2-08;Liquidación Sistema De Financiación; 18923690,0; 0,0; 18923690,0; 0,0; 0,0
2019;4;Transferencias Corrientes;4-0;De La Administracion Del Estado;4-0-2;Participacion Ingresos Del Estado;4-0-2-11;Anticipo 2013 Aplazamiento 240 Mensualidades; 30711600,0; 0,0; 30711600,0;-9883440,0;-9883440,0
2019;4;Transferencias Corrientes;4-0;De La Administracion Del Estado;4-0-2;Participacion Ingresos Del Estado;4-0-2-12;Fondos De Convergencia Autonomica; 31561770,0; 0,0; 31561770,0; 19326248,76; 19326248,76
2019;4;Transferencias Corrientes;4-0;De La Administracion Del Estado;4-0-3;Pensiones Asistenciales;4-0-3-;; 15000,0; 0,0; 15000,0; 3441,0; 3441,0
2019;4;Transferencias Corrientes;4-0;De La Administracion Del Estado;4-0-4;Acuerdo Bilateral Compensacion Efecto Frontera;4-0-4-;; 18000000,0; 0,0; 18000000,0; 0,0; 0,0
2019;4;Transferencias Corrientes;4-0;De La Administracion Del Estado;4-0-6;Asignación 0,7 Por Ciento Del I.R.P.F;4-0-6-;; 1500000,0; 148294,64; 1648294,64; 1648294,64; 1648294,64
2019;4;Transferencias Corrientes;4-1;De Organismos Autonomos De La Administración General Del Estado;4-1-0;De Organismos Autonomos;4-1-0-00;Servicio Público De Empleo Estatal; 11397000,0; 0,0; 11397000,0; 7635002,81; 7635002,81
2019;4;Transferencias Corrientes;4-1;De Organismos Autonomos De La Administración General Del Estado;4-1-0;De Organismos Autonomos;4-1-0-08;Instituto Nacional De Administración Pública; 237000,0; 0,0; 237000,0; 295890,0; 295890,0
2019;4;Transferencias Corrientes;4-1;De Organismos Autonomos De La Administración General Del Estado;4-1-0;De Organismos Autonomos;4-1-0-09;Organismo Nacional De Loterias Y Apuestas Del Estado; 85000,0; 0,0; 85000,0; 102189,36; 102189,36
2019;4;Transferencias Corrientes;4-2;De La Seguridad Social;4-2-1;Del Imserso;4-2-1-00;Prestaciones Dependencia; 10400000,0; 0,0; 10400000,0; 10541364,99; 9592215,72
2019;4;Transferencias Corrientes;4-2;De La Seguridad Social;4-2-2;De La Tesoreria General De La Seguridad Social;4-2-2-00;De La Tesoreria General De La Seguridad Social; 2200000,0; 0,0; 2200000,0; 1873162,01; 1873162,01
2019;4;Transferencias Corrientes;4-2;De La Seguridad Social;4-2-2;De La Tesoreria General De La Seguridad Social;4-2-2-05;Deficit Sanitario: Convenio Extranjeros Y Mutuas; 1000,0; 0,0; 1000,0; 0,0; 0,0
2019;4;Transferencias Corrientes;4-3;De Entid.Publicas Empres., Otros Org.Publ.Y Soc.Merc.Estat.;4-3-0;De Entidades Publicas Empresar.Y Otros Organismos Publicos;4-3-0-01;Consejo General Del Poder Judicial; 0,0; 0,0; 0,0; 6322,99; 6322,99
2019;4;Transferencias Corrientes;4-6;De Corporaciones Locales;4-6-0;De Ayuntamientos;4-6-0-00;Ayuntamiento De Logroño; 230000,0; 0,0; 230000,0; 106236,41; 106236,41
2019;4;Transferencias Corrientes;4-6;De Corporaciones Locales;4-6-0;De Ayuntamientos;4-6-0-01;Otros Ayuntamientos; 0,0; 29250,0; 29250,0; 29250,0; 29250,0
2019;4;Transferencias Corrientes;4-7;De Empresas Privadas;4-7-2;Entidades Financieras;4-7-2-;; 200000,0; 0,0; 200000,0; 102490,51; 0,0
2019;4;Transferencias Corrientes;4-7;De Empresas Privadas;4-7-3;Obra Social Cajas De Ahorro;4-7-3-;; 0,0; 0,0; 0,0; 23630,88; 23630,88
2019;4;Transferencias Corrientes;4-9;Del Exterior;4-9-0;Programa Operativo Fondo Social Europeo;4-9-0-;; 2000000,0; 0,0; 2000000,0; 1930526,05; 474766,76
2019;4;Transferencias Corrientes;4-9;Del Exterior;4-9-1;Fondo Europeo Agricola De Garantia (Feaga);4-9-1-00;Ocm Vino; 2399630,0; 759369,2; 3158999,2; 1696673,25; 1696673,25
2019;4;Transferencias Corrientes;4-9;Del Exterior;4-9-1;Fondo Europeo Agricola De Garantia (Feaga);4-9-1-01;Promocion Terceros Paises; 3633925,0; 0,0; 3633925,0; 3409365,95; 3409365,95
2019;4;Transferencias Corrientes;4-9;Del Exterior;4-9-1;Fondo Europeo Agricola De Garantia (Feaga);4-9-1-02;Fruta Escolar; 305875,0; 0,0; 305875,0; 0,0; 0,0
2019;4;Transferencias Corrientes;4-9;Del Exterior;4-9-1;Fondo Europeo Agricola De Garantia (Feaga);4-9-1-06;Ayudas A La Destilación; 0,0; 957505,97; 957505,97; 948049,53; 948049,53
2019;4;Transferencias Corrientes;4-9;Del Exterior;4-9-1;Fondo Europeo Agricola De Garantia (Feaga);4-9-1-10;Fondos Operativos De Las Organiz. De Productores; 0,0; 2652798,1; 2652798,1; 2570559,67; 2570559,67
2019;4;Transferencias Corrientes;4-9;Del Exterior;4-9-1;Fondo Europeo Agricola De Garantia (Feaga);4-9-1-21;Pagos Remolacha Azucarera; 0,0; 562759,87; 562759,87; 562759,87; 562759,87
2019;4;Transferencias Corrientes;4-9;Del Exterior;4-9-1;Fondo Europeo Agricola De Garantia (Feaga);4-9-1-29;Fruta Escolar; 0,0; 0,0; 0,0; 298634,0; 298634,0
2019;4;Transferencias Corrientes;4-9;Del Exterior;4-9-1;Fondo Europeo Agricola De Garantia (Feaga);4-9-1-30;Regimen De Ayudas Directas; 0,0; 25375472,09; 25375472,09; 25375110,71; 25375110,71
2019;4;Transferencias Corrientes;4-9;Del Exterior;4-9-1;Fondo Europeo Agricola De Garantia (Feaga);4-9-1-31;Ayuda Asociada Vacuno De Leche; 0,0; 188505,95; 188505,95; 188505,95; 188505,95
2019;4;Transferencias Corrientes;4-9;Del Exterior;4-9-1;Fondo Europeo Agricola De Garantia (Feaga);4-9-1-32;Ayuda Asociada Vaca Nodriza; 0,0; 1351917,18; 1351917,18; 1351917,18; 1351917,18
2019;4;Transferencias Corrientes;4-9;Del Exterior;4-9-1;Fondo Europeo Agricola De Garantia (Feaga);4-9-1-33;Ayuda Asociada Explotaciones Ovino; 0,0; 855872,96; 855872,96; 855872,96; 855872,96
2019;4;Transferencias Corrientes;4-9;Del Exterior;4-9-1;Fondo Europeo Agricola De Garantia (Feaga);4-9-1-34;Ayuda Asociada Explotaciones Caprino; 0,0; 55651,16; 55651,16; 55651,16; 55651,16
2019;4;Transferencias Corrientes;4-9;Del Exterior;4-9-1;Fondo Europeo Agricola De Garantia (Feaga);4-9-1-35;Ayuda Asociada Vacuno De Cebo; 0,0; 337430,47; 337430,47; 337430,47; 337430,47
2019;4;Transferencias Corrientes;4-9;Del Exterior;4-9-1;Fondo Europeo Agricola De Garantia (Feaga);4-9-1-36;Ayudas Ganaderos Ovino Y Caprino Derechos Especiales; 0,0; 147478,8; 147478,8; 147478,8; 147478,8
2019;4;Transferencias Corrientes;4-9;Del Exterior;4-9-1;Fondo Europeo Agricola De Garantia (Feaga);4-9-1-37;Ayuda Asociada Legumbres De Calidad; 0,0; 1324,86; 1324,86; 1324,86; 1324,86
2019;4;Transferencias Corrientes;4-9;Del Exterior;4-9-1;Fondo Europeo Agricola De Garantia (Feaga);4-9-1-38;Ayudas Frutos De Cáscara Y Algarrobas; 0,0; 99729,24; 99729,24; 99729,24; 99729,24
2019;4;Transferencias Corrientes;4-9;Del Exterior;4-9-1;Fondo Europeo Agricola De Garantia (Feaga);4-9-1-39;Ayuda Asociada Tomate Para Industria; 0,0; 5529,56; 5529,56; 5529,56; 5529,56
2019;4;Transferencias Corrientes;4-9;Del Exterior;4-9-1;Fondo Europeo Agricola De Garantia (Feaga);4-9-1-40;Ayuda Asociada Cultivos Proteicos; 0,0; 128518,9; 128518,9; 128518,9; 128518,9
2019;4;Transferencias Corrientes;4-9;Del Exterior;4-9-1;Fondo Europeo Agricola De Garantia (Feaga);4-9-1-41;Reembolso Disciplina Financiera; 0,0; 292276,22; 292276,22; 292003,42; 292003,42
2019;4;Transferencias Corrientes;4-9;Del Exterior;4-9-3;Fondo Europeo Agricola De Desarrollo Rural (Feader);4-9-3-00;Programa De Desarrollo Rural; 7067000,0; 0,0; 7067000,0; 0,0; 0,0
2019;4;Transferencias Corrientes;4-9;Del Exterior;4-9-9;Otras Transferencias Del Exterior;4-9-9-00;Otros Programas Europeos; 403000,0; 0,0; 403000,0; 97281,28; 97281,28
2019;5;Ingresos Patrimoniales;5-1;Intereses De Anticipos Y Prestamos Concedidos;5-1-5;A La Comunidad Autonoma De La Rioja;5-1-5-02;A Entidades Publicas Empresariales; 30000,0; 0,0; 30000,0; 36729,56; 36729,56
2019;5;Ingresos Patrimoniales;5-1;Intereses De Anticipos Y Prestamos Concedidos;5-1-5;A La Comunidad Autonoma De La Rioja;5-1-5-03;A Sociedades Publicas; 0,0; 0,0; 0,0; 14011,2; 14011,2
2019;5;Ingresos Patrimoniales;5-1;Intereses De Anticipos Y Prestamos Concedidos;5-1-6;A Corporaciones Locales;5-1-6-01;Ayuntamiento De Logroño. V.P.O. Ruavieja; 76600,0; 0,0; 76600,0; 60215,84; 60215,84
2019;5;Ingresos Patrimoniales;5-1;Intereses De Anticipos Y Prestamos Concedidos;5-1-6;A Corporaciones Locales;5-1-6-04;Ayuntamiento De Logroño.Rehabilitacion Casco Antiguo; 20500,0; 0,0; 20500,0; 17519,52; 17519,52
2019;5;Ingresos Patrimoniales;5-1;Intereses De Anticipos Y Prestamos Concedidos;5-1-8;A Familias E Instituciones Sin Fines De Lucro;5-1-8-01;Otros Grupos De Viviendas Proteccion Oficial; 10000,0; 0,0; 10000,0; 0,0; 0,0
2019;5;Ingresos Patrimoniales;5-2;Intereses De Depositos;5-2-0;Intereses De Cuentas Bancarias;5-2-0-;; 26000,0; 0,0; 26000,0;-1511,12;-1511,12
2019;5;Ingresos Patrimoniales;5-4;Rentas De Bienes Inmuebles;5-4-0;Arrendamientos De Fincas Urbanas;5-4-0-01;Arrendamientos Para Vivienda; 46600,0; 0,0; 46600,0; 69581,39; 69581,39
2019;5;Ingresos Patrimoniales;5-4;Rentas De Bienes Inmuebles;5-4-0;Arrendamientos De Fincas Urbanas;5-4-0-08;Arrendamientos Para Usos Distintos De Viviendas; 18500,0; 0,0; 18500,0; 0,0; 0,0
2019;5;Ingresos Patrimoniales;5-5;Productos De Concesiones Y Aprovechamientos Especiales;5-5-0;Concesiones Administrativas;5-5-0-01;Concesion Expoltacion Cafeterias Centros Hospitalarios; 5000,0; 0,0; 5000,0; 4102,86; 4102,86
2019;5;Ingresos Patrimoniales;5-5;Productos De Concesiones Y Aprovechamientos Especiales;5-5-0;Concesiones Administrativas;5-5-0-03;Concesion Explotacion Residencia De Arnedo; 40000,0; 0,0; 40000,0; 3597,41; 3597,41
2019;5;Ingresos Patrimoniales;5-5;Productos De Concesiones Y Aprovechamientos Especiales;5-5-0;Concesiones Administrativas;5-5-0-05;Explotacion Bar-Restaurante De El Rasillo; 14000,0; 0,0; 14000,0; 9600,0; 9600,0
2019;5;Ingresos Patrimoniales;5-5;Productos De Concesiones Y Aprovechamientos Especiales;5-5-0;Concesiones Administrativas;5-5-0-07;Concesion Explotacion Residencia Albelda De Iregua; 10000,0; 0,0; 10000,0; 6849,31; 6849,31
2019;5;Ingresos Patrimoniales;5-5;Productos De Concesiones Y Aprovechamientos Especiales;5-5-0;Concesiones Administrativas;5-5-0-10;Residencia Alzheimer; 13000,0; 0,0; 13000,0; 13964,0; 13964,0
2019;5;Ingresos Patrimoniales;5-5;Productos De Concesiones Y Aprovechamientos Especiales;5-5-0;Concesiones Administrativas;5-5-0-12;Centro Sociosanitario De Convalecencia De Haro; 9300,0; 0,0; 9300,0; 28458,06; 28458,06
2019;5;Ingresos Patrimoniales;5-5;Productos De Concesiones Y Aprovechamientos Especiales;5-5-0;Concesiones Administrativas;5-5-0-99;Otras Concesiones; 181000,0; 0,0; 181000,0; 354569,5; 354569,5
2019;5;Ingresos Patrimoniales;5-5;Productos De Concesiones Y Aprovechamientos Especiales;5-5-1;Aprovechamientos Especiales;5-5-1-00;Gestion Fondo Mejoras En Montes De Entidades Locales; 70000,0; 0,0; 70000,0; 50223,94; 50223,94
2019;5;Ingresos Patrimoniales;5-5;Productos De Concesiones Y Aprovechamientos Especiales;5-5-1;Aprovechamientos Especiales;5-5-1-01;Aprovechamiento De Montes Comunidad Autonoma De La Rioja; 230000,0; 0,0; 230000,0; 365925,05; 365925,05
2019;5;Ingresos Patrimoniales;5-5;Productos De Concesiones Y Aprovechamientos Especiales;5-5-1;Aprovechamientos Especiales;5-5-1-09;Otros Aprovechamientos; 9000,0; 0,0; 9000,0; 0,0; 0,0
2019;5;Ingresos Patrimoniales;5-9;Otros Ingresos Patrimoniales;5-9-9;Otros Ingresos Patrimoniales;5-9-9-00;Facturacion Consumo Agua La Grajera; 17300,0; 0,0; 17300,0; 0,0; 0,0
2019;6;Enajenacion De Inversiones Reales;6-1;De Las Demas Inversiones Reales;6-1-9;Venta De Otras Inversiones Reales;6-1-9-;; 1000000,0; 0,0; 1000000,0; 354756,55; 354756,55
2019;6;Enajenacion De Inversiones Reales;6-8;Reintegros Por Operaciones De Capital;6-8-1;Del Presupuesto Corriente;6-8-1-;; 200000,0; 0,0; 200000,0; 0,0; 0,0
2019;7;Transferencias De Capital;7-0;De La Administracion Del Estado;7-0-1;De Departamentos Ministeriales;7-0-1-01;Agricultura, Pesca Y Alimentacion; 1562700,0; 0,0; 1562700,0; 1410971,55; 1410971,55
2019;7;Transferencias De Capital;7-0;De La Administracion Del Estado;7-0-1;De Departamentos Ministeriales;7-0-1-04;Educacion Y Formacion Profesional; 2000000,0; 0,0; 2000000,0; 10017,45; 10017,45
2019;7;Transferencias De Capital;7-0;De La Administracion Del Estado;7-0-1;De Departamentos Ministeriales;7-0-1-06;Fomento; 5313000,0; 0,0; 5313000,0; 5760952,75; 5760952,75
2019;7;Transferencias De Capital;7-0;De La Administracion Del Estado;7-0-1;De Departamentos Ministeriales;7-0-1-16;Transicion Ecologica; 0,0; 0,0; 0,0; 153606,29; 153606,29
2019;7;Transferencias De Capital;7-1;De Organismos Autonomos De La Administración General Del Estado;7-1-0;De Organismos Autónomos;7-1-0-05;I.N.I.A.; 0,0; 0,0; 0,0; 414876,54; 414876,54
2019;7;Transferencias De Capital;7-3;Entid.Publ.Empres.,Otros Org.Publ.Y Soc.,Mercant.Estat.;7-3-0;Entidades Publicas Empres. Y Otros Organismos Publicos;7-3-0-00;Idae; 0,0; 304734,71; 304734,71; 304734,71; 304734,71
2019;7;Transferencias De Capital;7-6;De Corporaciones Locales;7-6-0;De Ayuntamientos;7-6-0-09;Otros Ayuntamientos; 116000,0; 0,0; 116000,0; 113155,69; 107488,49
2019;7;Transferencias De Capital;7-9;Del Exterior;7-9-0;Programa Operativo Fondo Europeo De Desarrollo Regional (Feder);7-9-0-00;Programa Competitividad Regional Y Empleo; 4500000,0; 0,0; 4500000,0; 5595771,15; 2437627,78
2019;7;Transferencias De Capital;7-9;Del Exterior;7-9-1;Fondo Europeo Agricola De Garantia (Feaga);7-9-1-00;Ocm Vino-Inversiones; 4000000,0; 1996686,64; 5996686,64; 4950667,0; 4950667,0
2019;7;Transferencias De Capital;7-9;Del Exterior;7-9-1;Fondo Europeo Agricola De Garantia (Feaga);7-9-1-01;Reestructuración Y Reconversión De Viñedo; 0,0; 2782620,0; 2782620,0; 1599205,55; 1599205,55
2019;7;Transferencias De Capital;7-9;Del Exterior;7-9-3;Fondo Europeo Agricola De Desarrollo Rural (Feader);7-9-3-00;Programa De Desarrollo Rural; 9277900,0; 0,0; 9277900,0; 9394479,55; 9394479,55
